field,value,n,continued,not_continued,continued_share,continued_share_ci_low,continued_share_ci_high,ci_width,signal_confidence,diff_vs_overall_pp,smoothed_odds_ratio_vs_rest
company_sector,Energy / industrials,13,12,1,0.9230769230769231,0.6668546607175265,0.9862899336203037,0.3194352729027772,directional,24.51108213820079,4.339477726574501
filer_category_simplified,"accelerated, smaller reporting",15,13,2,0.8666666666666667,0.6211750079348376,0.9626395301086407,0.3414645221738031,directional,18.87005649717515,2.7879069767441864
filer_category_simplified,accelerated,6,5,1,0.8333333333333334,0.43649056343635395,0.9699474141282697,0.5334568506919157,early signal,15.536723163841815,1.7936507936507937
market_tier_clean,Global Select,34,28,6,0.8235294117647058,0.6648593225994784,0.9165114439643031,0.2516521213648246,stronger descriptive signal,14.556331006979061,2.441164241164241
company_size_bucket,mid-size (250-999 employees),19,15,4,0.7894736842105263,0.5666528575973392,0.9149246150840843,0.3482717574867451,directional,11.150758251561111,1.746708794102159
company_size_bucket,small (50-249 employees),33,26,7,0.7878787878787878,0.6224802241287064,0.8932411343356381,0.2707609102069317,stronger descriptive signal,10.991268618387263,1.8881834215167548
initial_form_type,DEF 14A,114,84,30,0.7368421052631579,0.6492406917150557,0.8090015588993282,0.15976086718427251,stronger descriptive signal,5.887600356824263,2.087356838086683
hq_group,US,126,92,34,0.7301587301587301,0.646695476810197,0.8000026538351431,0.15330717702494612,stronger descriptive signal,5.21926284638149,2.210780574624968
market_tier_clean,Capital Market,88,64,24,0.7272727272727273,0.6261859859635164,0.8093464960489922,0.18316051008547585,stronger descriptive signal,4.930662557781207,1.5609535849738125
issuer_type,domestic,124,90,34,0.7258064516129032,0.6413919627801241,0.7966501142902505,0.15525815151012634,stronger descriptive signal,4.784034991798802,2.021145165122357
geo_scope,Actual US state HQ,119,85,34,0.7142857142857143,0.627415140642771,0.7877536621080887,0.16033852146531768,stronger descriptive signal,3.6319612590799077,1.640538885486834
filer_category_simplified,large accelerated,28,20,8,0.7142857142857143,0.529403642629825,0.8474618415167003,0.31805819888687537,directional,3.6319612590799077,1.1878841088674275
company_sector,Consumer / retail,21,15,6,0.7142857142857143,0.500432261771624,0.8618632425437179,0.3614309807720939,directional,3.6319612590799077,1.16405395552315
company_size_bucket,"large (1,000-9,999 employees)",7,5,2,0.7142857142857143,0.35892909014821267,0.9177828342909844,0.5588537441427717,early signal,3.6319612590799077,1.0571428571428572
company_sector,Technology,31,22,9,0.7096774193548387,0.5340734004245933,0.8390437928156713,0.30497039239107804,directional,3.171131765992352,1.1661768634784933
industry_theme,Technology,31,22,9,0.7096774193548387,0.5340734004245933,0.8390437928156713,0.30497039239107804,directional,3.171131765992352,1.1661768634784933
filer_category_simplified,"not stated, egc",55,39,16,0.7090909090909091,0.5785902917965606,0.8122896298914968,0.23369933809493615,stronger descriptive signal,3.112480739599388,1.2189998140918388
company_size_bucket,micro (<50 employees),17,12,5,0.7058823529411765,0.468664666737861,0.8672020613444361,0.3985373946065751,directional,2.791625124626129,1.099706744868035
sic_division,Manufacturing,86,60,26,0.6976744186046512,0.5938776628562396,0.7845661760780623,0.1906885132218228,stronger descriptive signal,1.9708316909735957,1.1886792452830188
sic_division,Retail,13,9,4,0.6923076923076923,0.4236888781333764,0.8731950283838191,0.4495061502504427,directional,1.4341590612777066,1.012954658694569
industry_theme,Retail / consumer,13,9,4,0.6923076923076923,0.4236888781333764,0.8731950283838191,0.4495061502504427,directional,1.4341590612777066,1.012954658694569
company_sector,Life sciences / medical,58,40,18,0.6896551724137931,0.5619669315326005,0.7937806558519432,0.23181372431934277,stronger descriptive signal,1.1689070718877925,1.0741984220245089
industry_theme,Life sciences / medical,57,39,18,0.6842105263157895,0.5551998120281706,0.7899587636831847,0.23475895165501415,stronger descriptive signal,0.6244424620874267,1.0348200961697895
listing_year,2022,41,28,13,0.6829268292682927,0.5301551434425414,0.8043556679468827,0.2742005245043413,stronger descriptive signal,0.496072757337751,1.0156156156156158
hq_group,China / Hong Kong,22,15,7,0.6818181818181818,0.47318222782839336,0.8363961264530752,0.3632138986246818,directional,0.38520801232665436,0.9892575039494471
listing_year,2021,75,51,24,0.68,0.5678872410148672,0.7745715624594409,0.20668432144457372,stronger descriptive signal,0.20338983050848247,1.0132139186609894
listing_year,2023,61,41,20,0.6721311475409836,0.5472157118133126,0.7766504481827393,0.22943473636942668,stronger descriptive signal,-0.5834954153931649,0.9549010584445466
company_sector,Finance / real estate,18,12,6,0.6666666666666666,0.4374906934425036,0.8372144563633714,0.39972376292086786,directional,-1.1299435028248594,0.912796880538816
sic_division,Finance/real estate,18,12,6,0.6666666666666666,0.4374906934425036,0.8372144563633714,0.39972376292086786,directional,-1.1299435028248594,0.912796880538816
initial_form_type,10-K,6,4,2,0.6666666666666666,0.29998832134152864,0.9032306674407831,0.6032423460992544,early signal,-1.1299435028248594,0.857510729613734
industry_theme,Other industries,62,41,21,0.6612903225806451,0.5371746717131097,0.7665846536981803,0.22940998198507057,stronger descriptive signal,-1.6675779114270095,0.8862074009068306
filer_category_simplified,"accelerated, smaller reporting, egc",26,17,9,0.6538461538461539,0.46220229009632996,0.8058798502714787,0.3436775601751487,directional,-2.411994784876137,0.863208746503941
market_tier_clean,Global Market,20,13,7,0.65,0.43285051021946463,0.8188104521320554,0.38595994191259075,directional,-2.79661016949152,0.8455813953488371
sic_division,Services,42,27,15,0.6428571428571429,0.4916608928707938,0.7701100749837315,0.27844918211293773,stronger descriptive signal,-3.510895883777232,0.8064516129032258
industry_theme,Finance / real estate,14,9,5,0.6428571428571429,0.3876400468214042,0.8365550926279727,0.4489150458065685,directional,-3.510895883777232,0.8132898491642886
company_sector,Manufacturing / industrials,13,8,5,0.6153846153846154,0.35522480972268555,0.8229055341876319,0.46768072446494635,early signal,-6.2581486310299805,0.7212121212121212
company_size_bucket,nan,100,61,39,0.61,0.5120283616749817,0.699832780680298,0.1878044190053163,stronger descriptive signal,-6.796610169491524,0.48409743644293163
geo_scope,Non-US / non-state HQ,58,35,23,0.603448275862069,0.4749298280744989,0.7191143104988886,0.24418448242438973,stronger descriptive signal,-7.451782583284627,0.6095558044046286
initial_form_type,20-F,56,32,24,0.5714285714285714,0.4413738892040555,0.6923123758690708,0.2509384866650153,stronger descriptive signal,-10.653753026634384,0.5021330566124755
company_sector,Services,14,8,6,0.5714285714285714,0.3259026690286936,0.7861949006959948,0.46029223166730127,early signal,-10.653753026634384,0.5986324786324787
issuer_type,foreign_private_issuer,53,30,23,0.5660377358490566,0.4326511497976876,0.6904980930103964,0.25784694321270885,stronger descriptive signal,-11.192836584585864,0.49476901375337956
filer_category_simplified,"accelerated, egc",47,26,21,0.5531914893617021,0.41245213738758246,0.685892525250887,0.2734403878633045,stronger descriptive signal,-12.477461233321307,0.4760674295558016
sic_division,Transport/utilities,6,3,3,0.5,0.18761280689940868,0.8123871931005913,0.6247743862011825,early signal,-17.796610169491522,0.4638297872340425
hq_group,Asia-Pacific / Israel,20,9,11,0.45,0.25819502085709295,0.6579179916924003,0.39972297083530733,directional,-22.796610169491522,0.3445116007018912
market_tier_clean,Unknown market tier,35,15,20,0.42857142857142855,0.27984333081678914,0.5914287074102662,0.31158537659347707,directional,-24.93946731234867,0.26875505721881865
company_sector,Other / mixed,5,2,3,0.4,0.1176182311592533,0.769280067791163,0.6516618366319097,early signal,-27.79661016949152,0.3285111512959614
hq_group,Europe,5,2,3,0.4,0.1176182311592533,0.769280067791163,0.6516618366319097,early signal,-27.79661016949152,0.3285111512959614
