cik,ticker,legal_name,nasdaq_listing_date,initial_matrix_due_date,known_company_urls,candidate_urls_top10,prior_snapshots_checked,review_status,evidence_url,evidence_publication_date,evidence_type,evidence_excerpt,review_notes
1605888,ATLN,ATLANTIC INTERNATIONAL CORP.,2021-08-27,2022-08-27,https://seqll.com;https://lyneer.com,https://seqll.com;https://lyneer.com;https://compsciresources.com;https://compsciresources.com/investors;https://compsciresources.com/investor-relations;https://compsciresources.com/governance;https://compsciresources.com/corporate-governance;https://lyneer.com/investors;https://lyneer.com/investor-relations;https://lyneer.com/governance,6,found_late_sec_search_browser_confirmed,https://www.sec.gov/Archives/edgar/data/1605888/000121390023020621/f10k2022_seqllinc.htm,2023-03-16,edgar_filing,"Board Diversity Matrix (As of March 7, 2023). Total Number of Directors 4. Directors Female 1, Male 2, Did Not Disclose Gender 1.",Search found 2024 SEC matrix and Browser confirmed substantive matrix; targeted reclassification selected earlier existing 2023 10-K matrix observation.
1836470,SRAD,Sportradar Group AG,2021-09-14,2022-09-14,https://investors.sportradar.com;https://sportradar.com,https://investors.sportradar.com;https://sportradar.com;https://investors.sportradar.com/investors;https://investors.sportradar.com/investor-relations;https://investors.sportradar.com/governance;https://investors.sportradar.com/corporate-governance;https://sportradar.com/investors;https://sportradar.com/investor-relations;https://sportradar.com/governance;https://sportradar.com/corporate-governance,10,searched_no_substantive_matrix,,,,,"Web search for exact company name plus Board Diversity Matrix returned third-party/other-company references, not Sportradar own matrix."
1841675,ARBK,Argo Blockchain Plc,2021-09-23,2022-09-23,https://argoblockchain.com;https://primarybid.com,https://argoblockchain.com;https://primarybid.com;https://investormeetcompany.com/argo-blockchain-plc/register-investor;https://investormeetcompany.com/argo-blockchain-plc/register-investor/investors;https://investormeetcompany.com/argo-blockchain-plc/register-investor/investor-relations;https://investormeetcompany.com/argo-blockchain-plc/register-investor/governance;https://investormeetcompany.com/argo-blockchain-plc/register-investor/corporate-governance;https://investormeetcompany.com;https://investormeetcompany.com/investors;https://investormeetcompany.com/investor-relations,12,searched_no_substantive_matrix,,,,,"Web search for exact company name plus Board Diversity Matrix returned third-party/competitor references, not Argo own matrix."
1804469,GFAI,"Guardforce AI Co., Ltd.",2021-09-30,2022-09-30,https://guardforceai.com;https://mordorintelligence.com,https://guardforceai.com;https://mordorintelligence.com;https://compsciresources.com;https://compsciresources.com/investors;https://compsciresources.com/investor-relations;https://compsciresources.com/governance;https://compsciresources.com/corporate-governance;https://guardforceai.com/investors;https://guardforceai.com/investor-relations;https://guardforceai.com/governance,2,searched_no_substantive_matrix,,,,,Web search returned Guardforce proxy/IR pages but opened PDF did not contain Board Diversity Matrix evidence.
1829794,EMPD,Empery Digital Inc.,2021-10-06,2022-10-06,https://ir.volcon.com;https://volcon.com,https://ir.volcon.com;https://volcon.com;https://ir.volcon.com/investors;https://ir.volcon.com/investor-relations;https://ir.volcon.com/governance;https://ir.volcon.com/corporate-governance;https://envisionreports.com;https://envisionreports.com/investors;https://envisionreports.com/investor-relations;https://envisionreports.com/governance,0,searched_no_substantive_matrix,,,,,"Web search for Empery/Volcon plus Board Diversity Matrix returned generic/non-company results, no substantive matrix."
1419554,BBLG,Bone Biologics Corp,2021-10-13,2022-10-13,https://bonebiologics.com,https://bonebiologics.com;https://bonebiologics.com/investor-relations/corporate-governance;https://bonebiologics.com/investor-relations/corporate-governance/investors;https://bonebiologics.com/investor-relations/corporate-governance/investor-relations;https://bonebiologics.com/investor-relations/corporate-governance/governance;https://bonebiologics.com/investor-relations/corporate-governance/corporate-governance;https://bonebiologics.com/investors;https://bonebiologics.com/investor-relations;https://bonebiologics.com/governance;https://bonebiologics.com/corporate-governance,0,searched_no_substantive_matrix,,,,,"Web search returned OutLeadership aggregate mention for Bone Biologics, not a company primary-source matrix."
1840229,INKT,"MiNK Therapeutics, Inc.",2021-10-15,2022-10-15,https://investor.minktherapeutics.com;https://minktherapeutics.com,https://investor.minktherapeutics.com;https://minktherapeutics.com;https://investor.minktherapeutics.com/corporate-governance/documents-and-charters;https://investor.minktherapeutics.com/corporate-governance/documents-and-charters/investors;https://investor.minktherapeutics.com/corporate-governance/documents-and-charters/investor-relations;https://investor.minktherapeutics.com/corporate-governance/documents-and-charters/governance;https://investor.minktherapeutics.com/corporate-governance/documents-and-charters/corporate-governance;https://investor.minktherapeutics.com/investors;https://investor.minktherapeutics.com/investor-relations;https://investor.minktherapeutics.com/governance,0,candidate_file_unretrieved,https://investor.minktherapeutics.com/static-files/46fee85e-a5e3-47ac-9531-2e6c4f5aa42f,,issuer_static_file_candidate,,"Browser confirmed issuer page has Board Diversity Matrix link; direct static-file retrieval hung/failed, so not inserted yet."
1856028,,"Stronghold Digital Mining, Inc.",2021-10-20,2022-10-20,https://ir.strongholddigitalmining.com;https://strongholddigitalmining.com,https://ir.strongholddigitalmining.com;https://strongholddigitalmining.com;https://investor.innovage.com;https://investor.innovage.com/investors;https://investor.innovage.com/investor-relations;https://investor.innovage.com/governance;https://investor.innovage.com/corporate-governance;https://ir.strongholddigitalmining.com/investors;https://ir.strongholddigitalmining.com/investor-relations;https://ir.strongholddigitalmining.com/governance,2,found_late_sec_search_browser_confirmed,https://www.sec.gov/Archives/edgar/data/1856028/000114036124022864/ny20021834x1_def14a.htm,2024-04-29,edgar_filing,"Board Diversity Matrix (As of April 29, 2024). Total Number of Directors 7. Directors Female 2 Male 5 Non-Binary 0 Did Not Disclose Gender 0.",Browser confirmed substantive SEC proxy matrix; late versus 2022-10-20 due date.
1653384,RWAY,Runway Growth Finance Corp.,2021-10-21,2022-10-21,https://investors.runwaygrowth.com;https://runwaygrowth.com,https://investors.runwaygrowth.com;https://runwaygrowth.com;https://investors.runwaygrowth.com/corporate-governance/governance-overview;https://investors.runwaygrowth.com/corporate-governance/governance-overview/investors;https://investors.runwaygrowth.com/corporate-governance/governance-overview/investor-relations;https://investors.runwaygrowth.com/corporate-governance/governance-overview/governance;https://investors.runwaygrowth.com/corporate-governance/governance-overview/corporate-governance;https://investors.runwaygrowth.com/investors;https://investors.runwaygrowth.com/investor-relations;https://investors.runwaygrowth.com/governance,1,found_late_existing_observation_reclassified,https://www.sec.gov/Archives/edgar/data/1653384/000110465923053106/tm231923-1_def14a.htm,2023-05-04,edgar_filing,"BOARD DIVERSITY MATRIX (as of April 28, 2023). Total Number of Directors 5.",Existing SQLite observation was substantive; targeted reclassification moved row to published_late.
1844392,MRAI,"Marpai, Inc.",2021-10-27,2022-10-27,https://ir.marpaihealth.com;https://marpaihealth.com,https://ir.marpaihealth.com;https://marpaihealth.com;https://astproxyportal.com;https://astproxyportal.com/investors;https://astproxyportal.com/investor-relations;https://astproxyportal.com/governance;https://astproxyportal.com/corporate-governance;https://marpaihealth.com/investors;https://marpaihealth.com/investor-relations;https://marpaihealth.com/governance,1,searched_no_substantive_matrix,,,,,"Browser checked Marpai direct matrix guesses; /board-diversity-matrix returned 404 and index.php?s=124 was fundamentals, no matrix."
1709048,GFS,GLOBALFOUNDRIES Inc.,2021-10-28,2022-10-28,https://investors.gf.com;https://gf.com,https://investors.gf.com;https://gf.com;https://investors.gf.com/investors;https://investors.gf.com/investor-relations;https://investors.gf.com/governance;https://investors.gf.com/corporate-governance;https://gf.com/investors;https://gf.com/investor-relations;https://gf.com/governance;https://gf.com/corporate-governance,6,searched_no_substantive_matrix,,,,,"Web search for GLOBALFOUNDRIES plus Board Diversity Matrix returned Nasdaq examples/other-company references, not GFS own matrix."
1870940,AIRS,"Airsculpt Technologies, Inc.",2021-10-29,2022-10-29,https://airsculpt.elitebodysculpture.com;https://investors.elitebodysculpture.com,https://airsculpt.elitebodysculpture.com;https://investors.elitebodysculpture.com;https://investors.elitebodysculpture.com/corporate-governance/governance;https://investors.elitebodysculpture.com/corporate-governance/governance/investors;https://investors.elitebodysculpture.com/corporate-governance/governance/investor-relations;https://investors.elitebodysculpture.com/corporate-governance/governance/governance;https://investors.elitebodysculpture.com/corporate-governance/governance/corporate-governance;https://investors.elitebodysculpture.com/investors;https://investors.elitebodysculpture.com/investor-relations;https://investors.elitebodysculpture.com/governance,5,found_late_issuer_site_browser_confirmed,https://investors.elitebodysculpture.com/corporate-governance/board-of-directors/,2024-08-08,issuer_website_current,"Board Diversity Matrix (As of August 8, 2024). Total Number of Directors 7. Directors Female 2 Male 5. Asian 1; White 1/5; LGBTQ+ 1.",Browser confirmed substantive current issuer-site matrix; late versus initial due date.
1831283,LIANY,LianBio,2021-11-01,2022-11-01,https://lianbiopharma.com;https://lianbio.com,https://lianbiopharma.com;https://lianbio.com;https://imetrix.edgar-online.com;https://imetrix.edgar-online.com/investors;https://imetrix.edgar-online.com/investor-relations;https://imetrix.edgar-online.com/governance;https://imetrix.edgar-online.com/corporate-governance;https://lian.com;https://lian.com/investors;https://lian.com/investor-relations,2,searched_no_substantive_matrix,,,,,"Web search for LianBio plus Board Diversity Matrix returned other-company references and aggregate/third-party mentions, not a primary LianBio matrix."
1392694,SURG,"SurgePays, Inc.",2021-11-03,2022-11-03,https://surgepays.com;https://surgeholdings.com,https://surgepays.com;https://surgeholdings.com;https://surgeholdings.com/investors;https://surgeholdings.com/investor-relations;https://surgeholdings.com/governance;https://surgeholdings.com/corporate-governance;https://surgepays.com/investors;https://surgepays.com/investor-relations;https://surgepays.com/governance;https://surgepays.com/corporate-governance,2,found_late_existing_observation_reclassified,https://www.sec.gov/Archives/edgar/data/1392694/000149315224009671/formdef14a.htm,2024-03-12,edgar_filing,"Board Diversity Matrix (as of June 5, 2023). Part I: Gender Identity Male 4 Female 1.",Existing SQLite observation was substantive; targeted reclassification moved row to published_late.
1872529,MDXH,MDxHealth SA,2021-11-04,2022-11-04,https://mdxhealth.com,https://mdxhealth.com;https://compsciresources.com;https://compsciresources.com/investors;https://compsciresources.com/investor-relations;https://compsciresources.com/governance;https://compsciresources.com/corporate-governance;https://mdxhealth.com/investors;https://mdxhealth.com/investor-relations;https://mdxhealth.com/governance;https://mdxhealth.com/corporate-governance,3,found_late_sec_search_browser_confirmed,https://www.sec.gov/Archives/edgar/data/1872529/000121390024037806/ea0203819-20f_mdxhealt.htm,2024-04-30,edgar_filing,"Board Diversity Matrix as of April 30, 2024. Total Number of Directors 7. Female 3 Male 4. Includes prior April 25, 2023 matrix.",Browser confirmed substantive 20-F matrix; late versus initial due date.
1871149,,"Real Good Food Company, Inc.",2021-11-05,2022-11-05,https://investors.realgoodfoods.com;https://realgoodfoods.com,https://investors.realgoodfoods.com;https://realgoodfoods.com;https://investors.realgoodfoods.com/corporate-governance;https://investors.realgoodfoods.com/corporate-governance/investors;https://investors.realgoodfoods.com/corporate-governance/investor-relations;https://investors.realgoodfoods.com/corporate-governance/governance;https://investors.realgoodfoods.com/corporate-governance/corporate-governance;https://investors.realgoodfoods.com/investors;https://investors.realgoodfoods.com/investor-relations;https://investors.realgoodfoods.com/governance,1,searched_no_substantive_matrix,,,,,Web search for Real Good Food Company plus Board Diversity Matrix returned governance/S-1 pages without substantive matrix evidence.
1718224,BTBD,"BT Brands, Inc.",2021-11-12,2022-11-12,https://btbrands.com;https://brand.bt.com,https://btbrands.com;https://brand.bt.com;https://baggerdaves.com;https://baggerdaves.com/investors;https://baggerdaves.com/investor-relations;https://baggerdaves.com/governance;https://baggerdaves.com/corporate-governance;https://brand.bt.com/investors;https://brand.bt.com/investor-relations;https://brand.bt.com/governance,2,found_late_sec_search_browser_confirmed,https://www.sec.gov/Archives/edgar/data/1718224/000147793223009378/btb_def14a.htm,2023-12-05,edgar_filing,"Board Diversity Matrix as of April 1, 2023. Total Number of Directors five. Directors Female 1 Male 4.",Browser confirmed substantive SEC proxy matrix; late versus initial due date.
1840416,SSM,Sono Group N.V.,2021-11-17,2022-11-17,https://ir.sonomotors.com;https://sonomotors.com,https://ir.sonomotors.com;https://sonomotors.com;https://ir.sonomotors.com/investors;https://ir.sonomotors.com/investor-relations;https://ir.sonomotors.com/governance;https://ir.sonomotors.com/corporate-governance;https://bzst.de;https://bzst.de/investors;https://bzst.de/investor-relations;https://bzst.de/governance,7,searched_no_substantive_matrix,,,,,Web search for Sono Group N.V. plus Board Diversity Matrix did not return primary own-company matrix evidence.
1769697,FNUC,Frontier Nuclear & Minerals Inc.,2021-11-19,2022-11-19,https://snowlakelithium.com;https://nrcan.gc.ca,https://snowlakelithium.com;https://nrcan.gc.ca;https://nemaskalithium.com/en/investors/press-releases/2019/53f0e3be-0d29-475e-b37f-7090e58ede31;https://nemaskalithium.com/en/investors/press-releases/2019/53f0e3be-0d29-475e-b37f-7090e58ede31/investors;https://nemaskalithium.com/en/investors/press-releases/2019/53f0e3be-0d29-475e-b37f-7090e58ede31/investor-relations;https://nemaskalithium.com/en/investors/press-releases/2019/53f0e3be-0d29-475e-b37f-7090e58ede31/governance;https://nemaskalithium.com/en/investors/press-releases/2019/53f0e3be-0d29-475e-b37f-7090e58ede31/corporate-governance;https://nemaskalithium.com;https://nemaskalithium.com/investors;https://nemaskalithium.com/investor-relations,12,searched_no_substantive_matrix,,,,,"Web search for Frontier Nuclear/Snow Lake plus Board Diversity Matrix returned governance/news pages, no substantive matrix evidence."
1815436,,Advanced Health Intelligence Ltd,2021-11-19,2022-11-19,,,0,found_late_sec_search_browser_confirmed,https://www.sec.gov/Archives/edgar/data/1815436/000121390023007932/f20f2022_advancedhealth.htm,2023-01-31,edgar_filing,Board Diversity Matrix. Total Number of Directors 7. Directors Female 2 Male 5.,Browser confirmed substantive SEC 20-F matrix; late versus initial due date.
1876581,IMPP,Imperial Petroleum Inc./Marshall Islands,2021-11-23,2022-11-23,https://imperialpetro.com;https://impp.com,https://imperialpetro.com;https://impp.com;https://imperialpetro.com/investors;https://imperialpetro.com/investor-relations;https://imperialpetro.com/governance;https://imperialpetro.com/corporate-governance;https://impp.com/investors;https://impp.com/investor-relations;https://impp.com/governance;https://impp.com/corporate-governance,12,searched_no_substantive_matrix,,,,,"Web search for Imperial Petroleum plus Board Diversity Matrix returned C3is/third-party references and aggregate sources, not Imperial own matrix."
1720671,,"HashiCorp, Inc.",2021-12-09,2022-12-09,https://ir.hashicorp.com;https://hashicorp.com,https://ir.hashicorp.com;https://hashicorp.com;https://ir.hashicorp.com/investors;https://ir.hashicorp.com/investor-relations;https://ir.hashicorp.com/governance;https://ir.hashicorp.com/corporate-governance;https://hashicorp.com/investors;https://hashicorp.com/investor-relations;https://hashicorp.com/governance;https://hashicorp.com/corporate-governance,6,searched_no_substantive_matrix,,,,,"Web search for HashiCorp plus Board Diversity Matrix returned aggregate/third-party and other-company references, not a primary HashiCorp matrix."
1084267,MOBQ,"Mobiquity Technologies, Inc.",2021-12-10,2022-12-10,https://mobiquity.com,https://mobiquity.com;https://mobiquity.com/investors;https://mobiquity.com/investor-relations;https://mobiquity.com/governance;https://mobiquity.com/corporate-governance,1,found_on_time_issuer_pdf_browser_confirmed,https://mobiquitytechnologies.com/wp-content/uploads/2023/04/MOBQ-Board-Diversity-Matrix-2022.pdf,2022-12-14,issuer_pdf,"Board Diversity Matrix for Mobiquity Technologies, Inc. As of December 14, 2022. Total Number of Directors 5. Directors Female 1 Male 4.",Browser found issuer PDF link; local PDF extraction confirmed substantive matrix. Within grace window.
1838716,GNTA,Genenta Science S.p.A.,2021-12-15,2022-12-15,https://genenta.com;https://clinicaltrials.gov,https://genenta.com;https://clinicaltrials.gov;https://clinicaltrials.gov/investors;https://clinicaltrials.gov/investor-relations;https://clinicaltrials.gov/governance;https://clinicaltrials.gov/corporate-governance;https://genenta.com/investors;https://genenta.com/investor-relations;https://genenta.com/governance;https://genenta.com/corporate-governance,8,candidate_file_unretrieved,https://genenta.gcs-web.com/governance/documents-charters,,issuer_governance_candidate,,"Search result reports Genenta Board Diversity Matrix 2024 PDF; Browser/direct fetch failed or hung, so not inserted yet."
1873835,IMMX,"Immix Biopharma, Inc.",2021-12-16,2022-12-16,https://immixbio.com;https://pstvote.com,https://immixbio.com;https://pstvote.com;https://immixbio.com/investors;https://immixbio.com/investor-relations;https://immixbio.com/governance;https://immixbio.com/corporate-governance;https://pstvote.com/investors;https://pstvote.com/investor-relations;https://pstvote.com/governance;https://pstvote.com/corporate-governance,7,found_late_sec_search_browser_confirmed,https://www.sec.gov/Archives/edgar/data/1873835/000149315224017060/formdef14a.htm,2024-04-30,edgar_filing,"Board Diversity Matrix as of April 22, 2024. Total Number of Directors 8. Directors Female 4 Male 4.",Browser confirmed substantive SEC proxy matrix; late versus initial due date.
1070050,APCX,AppTech Payments Corp.,2022-01-06,2023-01-06,https://apptechcorp.com;https://apptech.com,https://apptechcorp.com;https://apptech.com;https://apptechcorp.com/investor-relations;https://apptechcorp.com/investor-relations/investors;https://apptechcorp.com/investor-relations/investor-relations;https://apptechcorp.com/investor-relations/governance;https://apptechcorp.com/investor-relations/corporate-governance;https://apptechcorp.com/investors;https://apptechcorp.com/governance;https://apptechcorp.com/corporate-governance,12,found_late_sec_search_browser_confirmed,https://www.sec.gov/Archives/edgar/data/1070050/000190359623000206/apcx_def14a.htm,2023-03-21,SEC DEF 14A,"Board Diversity Matrix (As of the Record Date). Total Number of Directors 7. Directors Female 1, Male 6.",Web search found SEC DEF 14A; archive document checked directly and matrix text confirmed. Filing date is after due date plus 30-day grace.
1658551,AMLX,"Amylyx Pharmaceuticals, Inc.",2022-01-07,2023-01-07,https://investors.amylyx.com;https://amylyx.com,https://investors.amylyx.com;https://amylyx.com;https://investors.amylyx.com/corporate-governance/documents-charters;https://investors.amylyx.com/corporate-governance/documents-charters/investors;https://investors.amylyx.com/corporate-governance/documents-charters/investor-relations;https://investors.amylyx.com/corporate-governance/documents-charters/governance;https://investors.amylyx.com/corporate-governance/documents-charters/corporate-governance;https://investors.amylyx.com/investors;https://investors.amylyx.com/investor-relations;https://investors.amylyx.com/governance,1,found_late_sec_search_browser_confirmed,https://www.sec.gov/Archives/edgar/data/1658551/000095017023015261/amlx-def14a-2023-proxy.htm,2023-04-27,SEC DEF 14A,"Board Diversity Matrix (As of April 27, 2023). Total Number of Directors 6. Directors Female 2, Male 4.",Web search found SEC DEF 14A; archive document checked directly and matrix text confirmed. Filing date is after due date plus 30-day grace.
1868734,,"CinCor Pharma, Inc.",2022-01-07,2023-01-07,https://cincor.com,https://cincor.com;https://cincor.com/investor-relations;https://cincor.com/investor-relations/investors;https://cincor.com/investor-relations/investor-relations;https://cincor.com/investor-relations/governance;https://cincor.com/investor-relations/corporate-governance;https://cincor.com/investors;https://cincor.com/governance;https://cincor.com/corporate-governance,0,searched_no_substantive_matrix,,,,,"Search results reviewed; apparent matrix hits were other companies filings mentioning CinCor directors, not a CinCor Pharma primary-source board diversity matrix."
1874875,HOUR,"Hour Loop, Inc",2022-01-07,2023-01-07,https://hourloop.com;https://persalary.com,https://hourloop.com;https://persalary.com;https://amazon.com;https://amazon.com/investors;https://amazon.com/investor-relations;https://amazon.com/governance;https://amazon.com/corporate-governance;https://hourloop.com/investors;https://hourloop.com/investor-relations;https://hourloop.com/governance,0,found_late_issuer_site_browser_confirmed,https://ir.hourloop.com/corporate-governance/board-of-directors/,2023-02-20,issuer IR page,"Board Diversity Matrix (As of Feb 20, 2023). Board Size: Total Number of Directors 6. Directors Female 2, Male 4.",Browser checked issuer IR board page and confirmed matrix text. Matrix date is after due date plus 30-day grace.
1861657,CNTN,"Canton Strategic Holdings, Inc.",2022-01-12,2023-01-12,https://annualgeneralmeetings.com;https://hillstreambio.com,https://annualgeneralmeetings.com;https://hillstreambio.com;https://annualgeneralmeetings.com/investors;https://annualgeneralmeetings.com/investor-relations;https://annualgeneralmeetings.com/governance;https://annualgeneralmeetings.com/corporate-governance;https://clinicaltrials.gov;https://clinicaltrials.gov/investors;https://clinicaltrials.gov/investor-relations;https://clinicaltrials.gov/governance,0,searched_no_substantive_matrix,,,,,Search results reviewed; found Canton Strategic news/SEC current material but no primary-source Board Diversity Matrix disclosure.
1880661,TPG,TPG Inc.,2022-01-13,2023-01-13,https://tpg.com,https://tpg.com;https://imetrix.edgar-online.com;https://imetrix.edgar-online.com/investors;https://imetrix.edgar-online.com/investor-relations;https://imetrix.edgar-online.com/governance;https://imetrix.edgar-online.com/corporate-governance;https://instagram.com;https://instagram.com/investors;https://instagram.com/investor-relations;https://instagram.com/governance,2,found_late_sec_search_browser_confirmed,https://www.sec.gov/Archives/edgar/data/1880661/000188066123000021/tpg-20230403.htm,2023-04-03,SEC PRE 14A,"Board Diversity Matrix. Total Number of Directors 14. Directors Female 4, Male 10.",Web search found TPG matrix page and SEC filing; SEC archive document checked directly and matrix text confirmed. Filing date is after due date plus 30-day grace.
1777319,CISO,"CISO Global, Inc.",2022-01-18,2023-01-18,https://cerberussentinel.com;https://cerberuscybersentinelcorporation.com,https://cerberussentinel.com;https://cerberuscybersentinelcorporation.com;https://cerberussentinel.com/investor-relations/charter-of-the-nominating-and-corporate-governance-committee;https://cerberussentinel.com/investor-relations/charter-of-the-nominating-and-corporate-governance-committee/investors;https://cerberussentinel.com/investor-relations/charter-of-the-nominating-and-corporate-governance-committee/investor-relations;https://cerberussentinel.com/investor-relations/charter-of-the-nominating-and-corporate-governance-committee/governance;https://cerberussentinel.com/investor-relations/charter-of-the-nominating-and-corporate-governance-committee/corporate-governance;https://cerberussentinel.com/investors;https://cerberussentinel.com/investor-relations;https://cerberussentinel.com/governance,12,searched_no_substantive_matrix,,,,,Search results reviewed for CISO Global/Cerberus Cyber Sentinel; results were third-party aggregate references or filings without a board diversity matrix for the required period.
1864943,FGI,FGI Industries Ltd.,2022-01-25,2023-01-25,https://fgi-industries.com,https://fgi-industries.com;https://fgi-industries.com/investors;https://fgi-industries.com/investor-relations;https://fgi-industries.com/governance;https://fgi-industries.com/corporate-governance,2,found_late_sec_search_browser_confirmed,https://www.sec.gov/Archives/edgar/data/1864943/000155837023007097/tmb-20220601xdef14a.htm,2023-04-27,SEC DEF 14A,"Board Diversity Matrix (as of April 6, 2023). Total Number of Directors 5. Directors Female 1, Male 4.",Web search found issuer governance page and SEC DEF 14A; SEC archive document checked directly and matrix text confirmed. Filing date is after due date plus 30-day grace.
1872964,MTEK,Maris Tech Ltd.,2022-02-02,2023-02-02,https://maristech.com;https://maris-tech.com,https://maristech.com;https://maris-tech.com;https://compsciresources.com;https://compsciresources.com/investors;https://compsciresources.com/investor-relations;https://compsciresources.com/governance;https://compsciresources.com/corporate-governance;https://maris-tech.com/investors;https://maris-tech.com/investor-relations;https://maris-tech.com/governance,0,searched_no_substantive_matrix,,,,,"Search results reviewed for Maris-Tech Ltd.; apparent hits were other companies filings or press pages mentioning Maris-Tech, not a Maris-Tech primary-source board diversity matrix."
1786205,ACLX,"Arcellx, Inc.",2022-02-04,2023-02-04,https://arcellx.com;https://arc.com,https://arcellx.com;https://arc.com;https://arc.com/investors;https://arc.com/investor-relations;https://arc.com/governance;https://arc.com/corporate-governance;https://arcellx.com/investors;https://arcellx.com/investor-relations;https://arcellx.com/governance;https://arcellx.com/corporate-governance,0,found_late_sec_search_browser_confirmed,https://www.sec.gov/Archives/edgar/data/1786205/000095017023012922/aclx_2022_pre_14a.htm,2023-04-14,SEC PRE 14A,"Board Diversity Matrix. Composition as of April 14, 2023. Total Number of Directors 7. Female 3, Male 4.",SEC archive document checked directly; second Board Diversity Matrix occurrence in filing body confirmed substantive matrix text. Filing date is after due date plus 30-day grace.
1875558,NVCT,"Nuvectis Pharma, Inc.",2022-02-04,2023-02-04,https://nuvectis.com;https://pwc.com,https://nuvectis.com;https://pwc.com;https://nuvectis.com/investors;https://nuvectis.com/investor-relations;https://nuvectis.com/governance;https://nuvectis.com/corporate-governance;https://pwc.com/investors;https://pwc.com/investor-relations;https://pwc.com/governance;https://pwc.com/corporate-governance,0,found_late_sec_search_browser_confirmed,https://www.sec.gov/Archives/edgar/data/1875558/000110465923052907/tm2313950d1_def14a.htm,2023-04-28,SEC DEF 14A,"Board Diversity Matrix (As of April 28, 2023). Total Number of Directors 4. Directors Female 0, Male 4.",Web search found SEC DEF 14A; archive document checked directly and matrix text confirmed. Filing date is after due date plus 30-day grace.
1648087,AREB,AMERICAN REBEL HOLDINGS INC,2022-02-08,2023-02-08,https://americanrebel.com;https://cscp.com,https://americanrebel.com;https://cscp.com;https://americanrebel.com/investors;https://americanrebel.com/investor-relations;https://americanrebel.com/governance;https://americanrebel.com/corporate-governance;https://cscp.com/investors;https://cscp.com/investor-relations;https://cscp.com/governance;https://cscp.com/corporate-governance,7,found_late_sec_search_browser_confirmed,https://www.sec.gov/Archives/edgar/data/1648087/000149315224008781/formdef14c.htm,2024-03-05,SEC DEF 14C,"Board Diversity Matrix (As of November 30, 2023). Total Number of Directors 5. Directors Female 0, Male 5.",Web search found SEC DEF 14C; archive document checked directly and matrix text confirmed. Filing date is after due date plus 30-day grace.
1892322,HTCR,"HeartCore Enterprises, Inc.",2022-02-10,2023-02-10,https://heartcore-enterprises.com;https://heartcore.co.jp,https://heartcore-enterprises.com;https://heartcore.co.jp;https://heartcore-enterprises.com/investors;https://heartcore-enterprises.com/investor-relations;https://heartcore-enterprises.com/governance;https://heartcore-enterprises.com/corporate-governance;https://heartcore.co.jp/investors;https://heartcore.co.jp/investor-relations;https://heartcore.co.jp/governance;https://heartcore.co.jp/corporate-governance,6,found_late_issuer_site_browser_confirmed,https://heartcore-enterprises.com/corporate-governance.html,2025-01-01,issuer governance page,"Board Diversity Matrix (as of January 1, 2025). Total Number of Directors 6. Directors Female 1, Male 5.","Direct web open confirmed issuer governance page matrix. Browser tab was blocked by client, but page extraction showed substantive matrix text. Date is after due date plus 30-day grace."
1872812,,TC BioPharm (Holdings) plc,2022-02-11,2023-02-11,https://ir.tcbiopharm.com;https://tcbiopharm.com,https://ir.tcbiopharm.com;https://tcbiopharm.com;https://ir.tcbiopharm.com/investors;https://ir.tcbiopharm.com/investor-relations;https://ir.tcbiopharm.com/governance;https://ir.tcbiopharm.com/corporate-governance;https://tcbiopharm.com/investors;https://tcbiopharm.com/investor-relations;https://tcbiopharm.com/governance;https://tcbiopharm.com/corporate-governance,0,searched_no_substantive_matrix,https://d1io3yog0oux5.cloudfront.net/_6df6912d78757007d7d89ae672512318/tcbiopharm/db/867/7501/file/NASDAQ+Diversity+Matrix+Disclosure+3rd+April+2023.pdf,,issuer PDF template,"Board Diversity Matrix for / As of / Total Number of Directors, with no company/date/count values extracted.","Issuer governance page linked a Board Diversity Matrix PDF, but local PDF text extraction showed a blank/template matrix without substantive company/date/director values; not inserted as evidence."
1880613,DRCT,"Direct Digital Holdings, Inc.",2022-02-11,2023-02-11,https://ir.directdigitalholdings.com;https://directdigitalholdings.com,https://ir.directdigitalholdings.com;https://directdigitalholdings.com;https://ir.directdigitalholdings.com/corporate-governance/governance-documents;https://ir.directdigitalholdings.com/corporate-governance/governance-documents/investors;https://ir.directdigitalholdings.com/corporate-governance/governance-documents/investor-relations;https://ir.directdigitalholdings.com/corporate-governance/governance-documents/governance;https://ir.directdigitalholdings.com/corporate-governance/governance-documents/corporate-governance;https://ir.directdigitalholdings.com/investors;https://ir.directdigitalholdings.com/investor-relations;https://ir.directdigitalholdings.com/governance,0,found_late_sec_search_browser_confirmed,https://www.sec.gov/Archives/edgar/data/1880613/000110465923054340/tm2313926d1_def14a.htm,2023-05-01,SEC DEF 14A,"Board Diversity Matrix (as of February 15, 2023). Total Number of Directors 5. Directors Female 2, Male 3.",SEC submissions found 2023 DEF 14A; archive document checked directly and matrix text confirmed. Filing date is after due date plus 30-day grace.
1482541,BNC,CEA Industries Inc.,2022-02-14,2023-02-14,https://ceaindustries.com;https://ceaindustrialsupply.com,https://ceaindustries.com;https://ceaindustrialsupply.com;https://bloomberg.com;https://bloomberg.com/investors;https://bloomberg.com/investor-relations;https://bloomberg.com/governance;https://bloomberg.com/corporate-governance;https://ceaindustrialsupply.com/investors;https://ceaindustrialsupply.com/investor-relations;https://ceaindustrialsupply.com/governance,0,found_late_sec_search_browser_confirmed,https://www.sec.gov/Archives/edgar/data/1482541/000149315223038392/formdef14a.htm,2023-10-26,SEC DEF 14A,"Board Diversity Matrix Disclosure. Total Number of Directors 5. Directors Female 0, Male 5.",SEC DEF 14A checked directly and matrix text confirmed. Filing date is after due date plus 30-day grace.
1450704,VIVK,"Vivakor, Inc.",2022-02-15,2023-02-15,https://vivakor.com,https://vivakor.com;https://vivakor.com/investors;https://vivakor.com/investor-relations;https://vivakor.com/governance;https://vivakor.com/corporate-governance,5,found_late_sec_search_browser_confirmed,https://www.sec.gov/Archives/edgar/data/1450704/000182912624008066/vivakor_def14a.htm,2024-12-05,SEC DEF 14A,"Board Diversity Matrix. As of December 5, 2024 and December 31, 2023. Total No. of Directors 5 and 4.",2023 DEF 14A had no matrix; 2024 DEF 14A checked directly and matrix text confirmed. Filing date is after due date plus 30-day grace.
1835615,MHUAF,"Meihua International Medical Technologies Co., Ltd.",2022-02-16,2023-02-16,https://ir.meihuamed.com;https://meihua.com,https://ir.meihuamed.com;https://meihua.com;https://ir.meihuamed.com/investors;https://ir.meihuamed.com/investor-relations;https://ir.meihuamed.com/governance;https://ir.meihuamed.com/corporate-governance;https://allmed-china.com;https://allmed-china.com/investors;https://allmed-china.com/investor-relations;https://allmed-china.com/governance,0,found_late_sec_search_browser_confirmed,https://www.sec.gov/Archives/edgar/data/1835615/000121390023029709/f20f2022_meihua.htm,2023-04-14,SEC 20-F,"Board Diversity Matrix. Country of Principal Executive Offices: China. Total Number of Directors 5. Directors Female 1, Male 4.",SEC 20-F checked directly and matrix text confirmed. Filing date is after due date plus 30-day grace.
1851860,,"SMART FOR LIFE, INC.",2022-02-16,2023-02-16,https://smartforlife.com;https://smartforlifecorp.com,https://smartforlife.com;https://smartforlifecorp.com;https://smartforlifecorp.com/investor-center;https://smartforlifecorp.com/investor-center/investors;https://smartforlifecorp.com/investor-center/investor-relations;https://smartforlifecorp.com/investor-center/governance;https://smartforlifecorp.com/investor-center/corporate-governance;https://smartforlifecorp.com/investors;https://smartforlifecorp.com/investor-relations;https://smartforlifecorp.com/governance,0,searched_no_substantive_matrix,,,,,"Search and SEC submissions checked; likely 2023 proxy, 2023 10-K, and 2024 10-K did not contain Board Diversity Matrix text."
1402328,SBFM,Sunshine Biopharma Inc.,2022-02-17,2023-02-17,https://sunshinebiopharma.com,https://sunshinebiopharma.com;https://sunshinebiopharma.com/investors;https://sunshinebiopharma.com/investor-relations;https://sunshinebiopharma.com/governance;https://sunshinebiopharma.com/corporate-governance,2,searched_no_substantive_matrix,,,,,Search and SEC submissions checked; likely 2023/2024 proxy and 2023 10-K filings did not contain Board Diversity Matrix text.
1888014,AKAN,AKANDA CORP.,2022-03-15,2023-03-15,https://akancorp.com;https://akandacorp.com,https://akancorp.com;https://akandacorp.com;https://akandacorp.com/investors;https://akandacorp.com/investors/investors;https://akandacorp.com/investors/investor-relations;https://akandacorp.com/investors/governance;https://akandacorp.com/investors/corporate-governance;https://akandacorp.com/investor-relations;https://akandacorp.com/governance;https://akandacorp.com/corporate-governance,5,searched_no_substantive_matrix,,,,,"Search and SEC submissions checked; Akanda 2023, 2024, and 2025 20-F filings did not contain Board Diversity Matrix text. Third-party aggregate only."
1880438,ANTX,"AN2 Therapeutics, Inc.",2022-03-25,2023-03-25,https://investor.an2therapeutics.com;https://an2therapeutics.com,https://investor.an2therapeutics.com;https://an2therapeutics.com;https://investor.an2therapeutics.com/investors;https://investor.an2therapeutics.com/investor-relations;https://investor.an2therapeutics.com/governance;https://investor.an2therapeutics.com/corporate-governance;https://an2therapeutics.com/investors;https://an2therapeutics.com/investor-relations;https://an2therapeutics.com/governance;https://an2therapeutics.com/corporate-governance,0,found_late_sec_search_browser_confirmed,https://www.sec.gov/Archives/edgar/data/1880438/000095017023014794/antx-def14a-2022-final.htm,2023-04-26,SEC DEF 14A,"Board Diversity Matrix (as of April 26, 2023). Total Number of Directors 9. Directors Female 3, Male 6.",SEC submissions found 2023 DEF 14A; archive document checked directly and matrix text confirmed. Filing date is after due date plus 30-day grace.
1894954,XPON,Expion360 Inc.,2022-04-01,2023-04-01,https://investors.expion360.com;https://expion360.com,https://investors.expion360.com;https://expion360.com;https://investors.expion360.com/investors;https://investors.expion360.com/investor-relations;https://investors.expion360.com/governance;https://investors.expion360.com/corporate-governance;https://expion360.com/investors;https://expion360.com/investor-relations;https://expion360.com/governance;https://expion360.com/corporate-governance,0,found_late_sec_search_browser_confirmed,https://www.sec.gov/Archives/edgar/data/1894954/000190359623000697/xpon_def14a.htm,2023-09-06,SEC DEF 14A,"Board Diversity Matrix (As of August 24, 2023). Total Number of Directors 5. Directors Male 5.",SEC submissions and issuer filing page found 2023 DEF 14A; archive document checked directly and matrix text confirmed. Filing date is after due date plus 30-day grace.
1737995,STSS,"SkyAI, Inc.",2022-04-14,2023-04-14,https://ir.stss.com;https://sharpstechnology.com,https://ir.stss.com;https://sharpstechnology.com;https://ir.stss.com/investors;https://ir.stss.com/investor-relations;https://ir.stss.com/governance;https://ir.stss.com/corporate-governance;https://sharpstechnology.com/investors;https://sharpstechnology.com/investor-relations;https://sharpstechnology.com/governance;https://sharpstechnology.com/corporate-governance,6,searched_no_substantive_matrix,,,,,"Search and SEC filings checked for SkyAI / formerly Sharps Technology. 2023 DEF 14A stated matrix was on issuer website, but current issuer governance pages were checked and no Board Diversity Matrix content was exposed."
1635077,ACON,"Aclarion, Inc.",2022-04-22,2023-04-22,https://aclarion.com;https://vstocktransfer.com,https://aclarion.com;https://vstocktransfer.com;https://aclarion.com/investors;https://aclarion.com/investor-relations;https://aclarion.com/governance;https://aclarion.com/corporate-governance;https://vstocktransfer.com/investors;https://vstocktransfer.com/investor-relations;https://vstocktransfer.com/governance;https://vstocktransfer.com/corporate-governance,6,found_late_sec_search_browser_confirmed,https://www.sec.gov/Archives/edgar/data/1635077/000168316823007841/aclarion_def14a.htm,2023-11-13,SEC DEF 14A,"Board Diversity Matrix (As of April 21, 2023). Total Number of Directors 7. Directors Female 1, Male 6.",SEC DEF 14A checked directly and matrix text confirmed. Filing date is after due date plus 30-day grace.
1905511,JCSE,JE Cleantech Holdings Ltd,2022-04-22,2023-04-22,https://jecleantech.com.sg;https://jecleantech.sg,https://jecleantech.com.sg;https://jecleantech.sg;https://jecleantech.com.sg/investors;https://jecleantech.com.sg/investor-relations;https://jecleantech.com.sg/governance;https://jecleantech.com.sg/corporate-governance;https://jecleantech.sg/investors;https://jecleantech.sg/investor-relations;https://jecleantech.sg/governance;https://jecleantech.sg/corporate-governance,3,searched_no_substantive_matrix,,,,,"Search and SEC submissions checked; JE Cleantech 2023 20-F did not contain Board Diversity Matrix text. Search hit mentioning JE Cleantech was another issuer filing, not JE Cleantech primary evidence."
1560293,TNON,"Tenon Medical, Inc.",2022-04-27,2023-04-27,https://tenonmed.com;https://tenonmed.com. the,https://tenonmed.com;https://tenonmed.com. the;https://datatracks.com;https://datatracks.com/investors;https://datatracks.com/investor-relations;https://datatracks.com/governance;https://datatracks.com/corporate-governance;https://tenonmed.com/investors;https://tenonmed.com/investor-relations;https://tenonmed.com/governance,4,found_late_sec_search_browser_confirmed,https://www.sec.gov/Archives/edgar/data/1560293/000121390023063655/def14a0823_tenonmed.htm,2023-08-04,SEC DEF 14A,"Board Diversity Matrix (As of July 18, 2023). Total Number of Directors 7. Directors Female 0, Male 7.",SEC DEF 14A checked directly and matrix text confirmed. Filing date is after due date plus 30-day grace.
1141284,ASNS,ACTELIS NETWORKS INC,2022-05-13,2023-05-13,https://actelis.com;https://actelisnetwors.com,https://actelis.com;https://actelisnetwors.com;https://actelis.com/investors;https://actelis.com/investor-relations;https://actelis.com/governance;https://actelis.com/corporate-governance;https://actelisnetworksinc.com;https://actelisnetworksinc.com/investors;https://actelisnetworksinc.com/investor-relations;https://actelisnetworksinc.com/governance,14,found_on_time_issuer_site_browser_confirmed,https://ir.actelis.com/corporate-governance/board-diversity-matrix,2023-05-13,issuer IR page,"Board Diversity Matrix for Actelis Networks, Inc. As of May 13, 2023. Total Number of Directors 5. Directors Female 2, Male 3.",Issuer IR Board Diversity Matrix page checked directly and substantive matrix text confirmed. Matrix date is within due date plus 30-day grace.
1849296,OKYO,OKYO Pharma Ltd,2022-05-17,2023-05-17,https://okyopharma.com;https://adr.com,https://okyopharma.com;https://adr.com;https://adr.com/investors;https://adr.com/investor-relations;https://adr.com/governance;https://adr.com/corporate-governance;https://okyopharma.com/investors;https://okyopharma.com/investor-relations;https://okyopharma.com/governance;https://okyopharma.com/corporate-governance,4,searched_no_substantive_matrix,,,,,Search and SEC submissions checked; OKYO Pharma 2023 and 2024 20-F filings did not contain Board Diversity Matrix text. Other hits were about related-party holdings or other issuer matrices.
1886799,,Bright Green Corp,2022-05-17,2023-05-17,https://brightgreen.us;https://virtualmeetingportal.com,https://brightgreen.us;https://virtualmeetingportal.com;https://brightgreen.us/investors;https://brightgreen.us/investor-relations;https://brightgreen.us/governance;https://brightgreen.us/corporate-governance;https://virtualmeetingportal.com/investors;https://virtualmeetingportal.com/investor-relations;https://virtualmeetingportal.com/governance;https://virtualmeetingportal.com/corporate-governance,12,found_late_sec_search_browser_confirmed,https://www.sec.gov/Archives/edgar/data/1886799/000149315223039740/formdef14a.htm,2023-11-07,SEC DEF 14A,"Board Diversity Matrix (As of June 30, 2023). Total Number of Directors: Five. Directors Female 1, Male 4.",SEC DEF 14A checked directly and matrix text confirmed. Filing date is after due date plus 30-day grace.
1892274,GV,Visionary Holdings Inc.,2022-05-17,2023-05-17,https://visiongroupca.com;https://canada.ca,https://visiongroupca.com;https://canada.ca;https://canada.ca/investors;https://canada.ca/investor-relations;https://canada.ca/governance;https://canada.ca/corporate-governance;https://visiongroupca.com/investors;https://visiongroupca.com/investor-relations;https://visiongroupca.com/governance;https://visiongroupca.com/corporate-governance,0,found_late_sec_search_browser_confirmed,https://www.sec.gov/Archives/edgar/data/1892274/000168316823005816/vedu_i20f-033123.htm,2023-08-15,SEC 20-F,"Board Diversity Matrix. Country of Principal Executive Offices: Canada. Total Number of Directors 5. Directors Female 1, Male 4.",SEC 20-F checked directly and matrix text confirmed. Filing date is after due date plus 30-day grace.
923601,RIME,"Algorhythm Holdings, Inc.",2022-05-25,2023-05-25,https://singingmachine.com,https://singingmachine.com;https://singingmachine.com/pages/investors;https://singingmachine.com/pages/investors/investors;https://singingmachine.com/pages/investors/investor-relations;https://singingmachine.com/pages/investors/governance;https://singingmachine.com/pages/investors/corporate-governance;https://singingmachine.com/investors;https://singingmachine.com/investor-relations;https://singingmachine.com/governance;https://singingmachine.com/corporate-governance,1,found_late_sec_search_browser_confirmed,https://www.sec.gov/Archives/edgar/data/923601/000149315223042672/formdef14a.htm,2023-11-24,SEC DEF 14A,"Board Diversity Matrix (as of November 22, 2023). Total Number of Directors 10. Directors Female 0, Male 10.",SEC DEF 14A checked directly and matrix text confirmed. Filing date is after due date plus 30-day grace.
1879848,PEVM,PHOENIX MOTOR INC.,2022-06-08,2023-06-08,https://phoenixmotors.com;https://phoenixmotorcars.com,https://phoenixmotors.com;https://phoenixmotorcars.com;https://edisonfuture.com;https://edisonfuture.com/investors;https://edisonfuture.com/investor-relations;https://edisonfuture.com/governance;https://edisonfuture.com/corporate-governance;https://epa.gov;https://epa.gov/investors;https://epa.gov/investor-relations,7,found_late_sec_search_browser_confirmed,https://www.sec.gov/Archives/edgar/data/1879848/000110465923119221/tm2329940-2_def14a.htm,2023-11-17,SEC DEF 14A,"Board Diversity Matrix as of November 8, 2023; Total Number of Directors 6; gender identity and demographic background categories included.","Confirmed via SEC filing text/search fallback; due 2023-06-08, first substantive located matrix in 2023-11-17 DEF 14A is late."
1468492,HSCS,HeartSciences Inc.,2022-06-15,2023-06-15,https://heartsciences.com,https://heartsciences.com;https://heartsciences.com/investors;https://heartsciences.com/investor-relations;https://heartsciences.com/governance;https://heartsciences.com/corporate-governance,3,searched_no_substantive_matrix,,,,,"Searched web and issuer site; checked HeartSciences current site/investors page and SEC 2023 DEF 14A, 2024 DEF 14A, 2023/2024/2025 10-Ks surfaced in SEC submissions; no substantive Board Diversity Matrix located. Search hit was another issuer filing mentioning HeartSciences in a director biography."
1816319,LYTHF,Lytus Technologies Holdings PTV. Ltd.,2022-06-15,2023-06-15,https://lytuscorp.com;https://lyt.com,https://lytuscorp.com;https://lyt.com;https://arcgis.com;https://arcgis.com/investors;https://arcgis.com/investor-relations;https://arcgis.com/governance;https://arcgis.com/corporate-governance;https://barcindia.co.in;https://barcindia.co.in/investors;https://barcindia.co.in/investor-relations,0,searched_no_substantive_matrix,,,,,"Searched web and issuer site; checked Lytus current site, IR governance page, 2023/2024/2025 20-Fs, and IR Foreign Board Diversity Matrix PDF. PDF is a blank Nasdaq template with headings but no company/date/director counts, so no substantive matrix evidence located."
1674440,YYAI,AIRWA INC.,2022-06-16,2023-06-16,https://connexasports.com;https://slingerbag.com,https://connexasports.com;https://slingerbag.com;https://connexasports.com/investors;https://connexasports.com/investor-relations;https://connexasports.com/governance;https://connexasports.com/corporate-governance;https://slingerbag.com/investors;https://slingerbag.com/investor-relations;https://slingerbag.com/governance;https://slingerbag.com/corporate-governance,0,found_late_sec_search_browser_confirmed,https://www.sec.gov/Archives/edgar/data/1674440/000149315224017592/formdef14a.htm,2024-05-02,SEC DEF 14A,"Board Diversity Matrix as of March 31, 2024; Total Number of Directors 5; Female 0, Male 5; African American or Black Male 1; White Male 4; LGBTQ+ 0.","Confirmed via SEC filing text/search fallback; 2023 DEF 14A and 2024/2025 10-K checks did not show earlier matrix; due 2023-06-16, 2024-05-02 DEF 14A is late."
1826376,GSUN,Golden Sun Technology Group Ltd.,2022-06-22,2023-06-22,https://goldensunedugrpltd.com;https://ir.jtyjyjt.com,https://goldensunedugrpltd.com;https://ir.jtyjyjt.com;https://ir.jtyjyjt.com/investors;https://ir.jtyjyjt.com/investor-relations;https://ir.jtyjyjt.com/governance;https://ir.jtyjyjt.com/corporate-governance;https://compsciresources.com;https://compsciresources.com/investors;https://compsciresources.com/investor-relations;https://compsciresources.com/governance,0,found_on_time_issuer_site_browser_confirmed,https://ir.jtyjyjt.com/images/boarddiversity.jpg,2023-07-20,issuer IR image matrix,"Board Diversity Matrix as of July 20, 2023; Total Number of Directors 7; Female 1, Male 6; underrepresented individual 0; LGBTQ+ 0; did not disclose demographic background 0.",Confirmed by visual inspection of issuer IR Board Diversity image linked from https://ir.jtyjyjt.com/copotate.html?type=diversity. 20-F filings checked did not contain matrix; website matrix as-of date is within due+grace.
1885827,VRAX,Virax Biolabs Group Ltd,2022-07-21,2023-07-21,https://viraxbiolabs.com;https://canfite.com,https://viraxbiolabs.com;https://canfite.com;https://canfite.com/investors;https://canfite.com/investor-relations;https://canfite.com/governance;https://canfite.com/corporate-governance;https://viraxbiolabs.com/investors;https://viraxbiolabs.com/investor-relations;https://viraxbiolabs.com/governance;https://viraxbiolabs.com/corporate-governance,10,searched_no_substantive_matrix,,,,,"Searched web and issuer/current sites; checked Virax current site/investor URL attempts, Can-Fite related-site pages, 2023/2024/2025 20-Fs, and proxy/AGM 6-K filings from 2023-2026 surfaced in SEC submissions; no substantive Board Diversity Matrix located. Search hit was third-party OutQUORUM aggregate only."
1748137,NEOV,NeoVolta Inc.,2022-07-29,2023-07-29,https://neovolta.com,https://neovolta.com;https://malonebailey.com;https://malonebailey.com/investors;https://malonebailey.com/investor-relations;https://malonebailey.com/governance;https://malonebailey.com/corporate-governance;https://neovolta.com/investors;https://neovolta.com/investor-relations;https://neovolta.com/governance;https://neovolta.com/corporate-governance,4,found_late_sec_search_browser_confirmed,https://www.sec.gov/Archives/edgar/data/1748137/000168316823007315/neovolta_def14a.htm,2023-10-20,SEC DEF 14A,"Board Diversity Matrix as of October 16, 2023; Total Number of Directors 5; Male 4, Female 1; White Male 4, White Female 1.","Confirmed in 2023 SEC DEF 14A. Wayback PDF candidate at neovolta.com/wp-content/uploads/2023/08/1-Aug-2023-NeoVolta-Board-Diversity-Matrix.pdf was inspected and appears to be a blank template, so SEC proxy is controlling substantive evidence."
1886362,MGAM,"Mobile Global Esports, Inc.",2022-07-29,2023-07-29,https://mogoesports.com,https://mogoesports.com;https://compsciresources.com;https://compsciresources.com/investors;https://compsciresources.com/investor-relations;https://compsciresources.com/governance;https://compsciresources.com/corporate-governance;https://mogoesports.com/investors;https://mogoesports.com/investor-relations;https://mogoesports.com/governance;https://mogoesports.com/corporate-governance,3,searched_no_substantive_matrix,,,,,"Searched web and current issuer domain, which appears unrelated/hijacked; checked 2023 10-K, 2024 DEF 14A, and 2024/2025/2026 10-K filings; no substantive Board Diversity Matrix located. Search results did not surface primary matrix evidence."
1913210,,Bruush Oral Care Inc.,2022-08-03,2023-08-03,https://bruush.com,https://bruush.com;https://bruush.com/investors;https://bruush.com/investor-relations;https://bruush.com/governance;https://bruush.com/corporate-governance;https://xbrl.ifrs.org;https://xbrl.ifrs.org/investors;https://xbrl.ifrs.org/investor-relations;https://xbrl.ifrs.org/governance;https://xbrl.ifrs.org/corporate-governance,3,searched_no_substantive_matrix,,,,,"Searched web and attempted current/IR Bruush domains, which no longer resolve; checked 2023 20-F and representative 2023-2025 6-K filings from SEC submissions; no substantive Board Diversity Matrix located. Search hit was third-party OutQUORUM aggregate only."
1881472,MEGL,Magic Empire Global Ltd,2022-08-05,2023-08-05,https://magicempiregloballtd.com;https://meglmagic.com,https://magicempiregloballtd.com;https://meglmagic.com;https://magicempiregloballtd.com/investors;https://magicempiregloballtd.com/investor-relations;https://magicempiregloballtd.com/governance;https://magicempiregloballtd.com/corporate-governance;https://meglmagic.com/investors;https://meglmagic.com/investor-relations;https://meglmagic.com/governance;https://meglmagic.com/corporate-governance,0,found_late_sec_search_browser_confirmed,https://www.sec.gov/Archives/edgar/data/1881472/000164117225004566/form20-f.htm,2025-04-14,SEC 20-F,"Board Diversity Matrix; Hong Kong foreign private issuer; Total Number of Directors 5; Female 1, Male 4; underrepresented individual 0; LGBTQ+ 0; did not disclose demographic background 0.","Confirmed in 2025 20-F. Earlier 2023 and 2024 20-F filings checked and did not contain matrix text; due 2023-08-05, so located publication is late."
1425355,SUIG,SUI Group Holdings Ltd.,2022-08-09,2023-08-09,https://millcityventures3.com;https://pacificstocktransfer.com,https://millcityventures3.com;https://pacificstocktransfer.com;https://millcityventures3.com/investors;https://millcityventures3.com/investors/investors;https://millcityventures3.com/investors/investor-relations;https://millcityventures3.com/investors/governance;https://millcityventures3.com/investors/corporate-governance;https://millcityventures3.com/investor-relations;https://millcityventures3.com/governance;https://millcityventures3.com/corporate-governance,0,found_late_sec_search_browser_confirmed,https://www.sec.gov/Archives/edgar/data/1425355/000165495423012379/mcvt_def14a.htm,2023-09-28,SEC DEF 14A,"Board Diversity Matrix as of August 22, 2023; Total Number of Directors 5; Female 0, Male 5; White Male 5; all other categories 0.","Confirmed in 2023 DEF 14A for Mill City Ventures III / SUI Group Holdings predecessor naming; due 2023-08-09, filing date 2023-09-28 is late."
1014763,AIMD,"Ainos, Inc.",2022-08-10,2023-08-10,https://ainos.com;https://aimd.com,https://ainos.com;https://aimd.com;https://aimd.com/investors;https://aimd.com/investor-relations;https://aimd.com/governance;https://aimd.com/corporate-governance;https://ainos.com/investors;https://ainos.com/investor-relations;https://ainos.com/governance;https://ainos.com/corporate-governance,0,found_late_sec_search_browser_confirmed,https://www.sec.gov/Archives/edgar/data/1014763/000165495424002897/aimd_10k.htm,2024-03-08,SEC 10-K,"Board Diversity Matrix as of March 7, 2024; Total Number of Directors 7; Female 1, Male 6; Asian Female 1, Asian Male 6.","Confirmed via SEC 2024 10-K after search result; 2023/2024/2025 proxy checks did not show matrix. Due 2023-08-10, 2024-03-08 publication is late."
1905956,TGL,TREASURE GLOBAL INC,2022-08-11,2023-08-11,https://treasureglobalinc.com;https://treasureglobal.co,https://treasureglobalinc.com;https://treasureglobal.co;https://alibabacloud.com;https://alibabacloud.com/investors;https://alibabacloud.com/investor-relations;https://alibabacloud.com/governance;https://alibabacloud.com/corporate-governance;https://bain.com;https://bain.com/investors;https://bain.com/investor-relations,0,found_late_sec_search_browser_confirmed,https://www.sec.gov/Archives/edgar/data/1905956/000121390024038913/ea0204060-02.htm,2024-05-02,SEC DEF 14A,"Board Diversity Matrix as of May 2, 2024; Total Number of Directors 5; Female 1, Male 4; African American or Black Male 1; Asian Female 1 and Male 1; White Male 2.","Confirmed in 2024 DEF 14A section body. 2023 and 2024 10-K checks did not contain matrix; issuer domains did not resolve. Due 2023-08-11, 2024-05-02 filing is late."
1885408,NEXR,Nexera Technologies Ltd,2022-08-26,2023-08-26,https://jeffsbrands.com,https://jeffsbrands.com;https://compsciresources.com;https://compsciresources.com/investors;https://compsciresources.com/investor-relations;https://compsciresources.com/governance;https://compsciresources.com/corporate-governance;https://jeffsbrands.com/investors;https://jeffsbrands.com/investor-relations;https://jeffsbrands.com/governance;https://jeffsbrands.com/corporate-governance,6,searched_no_substantive_matrix,,,,,"Searched web and issuer/investor/governance pages; checked Jeffs Brands/Nexera 2023, 2024, 2025, and 2026 20-F filings plus SEC filing inventory. No substantive Board Diversity Matrix located; search hits were other issuers or director biographies mentioning Jeffs Brands."
1892480,,"Hempacco Co., Inc.",2022-08-30,2023-08-30,https://hempaccoinc.com;https://hemp.com,https://hempaccoinc.com;https://hemp.com;https://convenience.org;https://convenience.org/investors;https://convenience.org/investor-relations;https://convenience.org/governance;https://convenience.org/corporate-governance;https://hemp.com/investors;https://hemp.com/investor-relations;https://hemp.com/governance,12,searched_no_substantive_matrix,,,,,"Searched web and current issuer site; checked Hempacco 2023 10-K, 2023 DEF 14C, 2024 10-K, 2024 DEF 14A, and 2024 DEF 14C. No substantive Board Diversity Matrix located; search hit was third-party OutQUORUM aggregate only."
1650101,ATXG,ADDENTAX GROUP CORP.,2022-09-01,2023-09-01,https://addentax.com;https://addentaxgroupcorp.com,https://addentax.com;https://addentaxgroupcorp.com;https://addentax.com/investors;https://addentax.com/investor-relations;https://addentax.com/governance;https://addentax.com/corporate-governance;https://addentaxgroupcorp.com/investors;https://addentaxgroupcorp.com/investor-relations;https://addentaxgroupcorp.com/governance;https://addentaxgroupcorp.com/corporate-governance,18,found_late_sec_search_browser_confirmed,https://www.sec.gov/Archives/edgar/data/1650101/000149315224021876/formdef14a.htm,2024-05-30,SEC DEF 14A,"Board Diversity Matrix as of May 20, 2024; Total Number of Directors 5; Female 0, Male 5; underrepresented individual 0; LGBTQ+ 0; did not disclose demographic background 0.","Confirmed in 2024 DEF 14A. 2023 10-K and 2024 10-K checked without matrix; issuer governance page did not expose matrix text. Due 2023-09-01, 2024-05-30 filing is late."
1712762,BIAF,"bioAffinity Technologies, Inc.",2022-09-01,2023-09-01,https://bioaffinitytech.com;https://viewproxy.com,https://bioaffinitytech.com;https://viewproxy.com;https://bioaffinitytech.com/investors;https://bioaffinitytech.com/investor-relations;https://bioaffinitytech.com/governance;https://bioaffinitytech.com/corporate-governance;https://canceratlas.cancer.org;https://canceratlas.cancer.org/investors;https://canceratlas.cancer.org/investor-relations;https://canceratlas.cancer.org/governance,6,found_late_sec_search_browser_confirmed,https://www.sec.gov/Archives/edgar/data/1712762/000149315224014522/formdef14a.htm,2024-04-15,SEC DEF 14A,"Board Diversity Matrix as of April 8, 2024; Total Number of Directors 8; Female 2, Male 6; White Female 2, White Male 6.","Confirmed in 2024 DEF 14A. 2023 DEF 14A and 2024 10-K checked without matrix; issuer site checked. Due 2023-09-01, 2024-04-15 filing is late."
1898604,VSTD,Vestand Inc.,2022-09-09,2023-09-09,https://ir.yoshiharuramen.com;https://yoshiharuramen.com,https://ir.yoshiharuramen.com;https://yoshiharuramen.com;https://ir.yoshiharuramen.com/corporate-governance/governance-documents;https://ir.yoshiharuramen.com/corporate-governance/governance-documents/investors;https://ir.yoshiharuramen.com/corporate-governance/governance-documents/investor-relations;https://ir.yoshiharuramen.com/corporate-governance/governance-documents/governance;https://ir.yoshiharuramen.com/corporate-governance/governance-documents/corporate-governance;https://ir.yoshiharuramen.com/investors;https://ir.yoshiharuramen.com/investor-relations;https://ir.yoshiharuramen.com/governance,6,found_late_sec_search_browser_confirmed,https://www.sec.gov/Archives/edgar/data/1898604/000149315223039587/formdef14a.htm,2023-11-06,SEC DEF 14A,"Board Diversity Matrix as of September 30, 2023; Total Number of Directors 4; Female 2, Male 2; Asian Female 2, Asian Male 2.","Confirmed in 2023 DEF 14A for Yoshiharu/Vestand predecessor naming. 2024 10-K checked without matrix. Due 2023-09-09, filing date 2023-11-06 is late."
1887673,WLDS,Wearable Devices Ltd.,2022-09-13,2023-09-13,https://wearabledevices.co;https://wearabledevices.co.il,https://wearabledevices.co;https://wearabledevices.co.il;https://compsciresources.com;https://compsciresources.com/investors;https://compsciresources.com/investor-relations;https://compsciresources.com/governance;https://compsciresources.com/corporate-governance;https://mudra-band.com;https://mudra-band.com/investors;https://mudra-band.com/investor-relations,6,found_on_time_issuer_pdf_browser_confirmed,https://www.wearabledevices.co.il/_files/ugd/fd494d_b8bd0202161346f58cfc2d669130c313.pdf,2023-08-04,issuer IR PDF form-field matrix,"Board Diversity Matrix for Wearable Devices Ltd.; State of Israel; Foreign Private Issuer Yes; as of 08/04/2023; Total Number of Directors 6; Female 1, Male 4; Did Not Disclose Demographic Background 1.","Confirmed via issuer IR governance page and visual/rendered inspection of PDF form fields; plain PDF text extraction missed values. SEC 2024 6-K exhibit links to same PDF; 20-Fs checked without matrix. Due 2023-09-13, 2023-08-04 is on time."
1807887,LASE,Laser Photonics Corp,2022-09-30,2023-09-30,https://laserphotonics.com;https://laser.com,https://laserphotonics.com;https://laser.com;https://ammoinc.com;https://ammoinc.com/investors;https://ammoinc.com/investor-relations;https://ammoinc.com/governance;https://ammoinc.com/corporate-governance;https://bloomberg.com;https://bloomberg.com/investors;https://bloomberg.com/investor-relations,12,searched_no_substantive_matrix,,,,,"Searched web and issuer/governance pages; checked 2023 DEF 14A, 2024 10-K, 2024 DEF 14A, and 2025 proxy result. Issuer Board Diversity Informational Document is a general rule/background document, not a completed company matrix. No substantive Board Diversity Matrix located."
1921865,ASPI,ASP Isotopes Inc.,2022-11-10,2023-11-10,https://investors.aspisotopes.com;https://aspi.com,https://investors.aspisotopes.com;https://aspi.com;https://investors.aspisotopes.com/investors;https://investors.aspisotopes.com/investor-relations;https://investors.aspisotopes.com/governance;https://investors.aspisotopes.com/corporate-governance;https://aspi.com/investors;https://aspi.com/investor-relations;https://aspi.com/governance;https://aspi.com/corporate-governance,0,found_on_time_issuer_site_browser_confirmed,https://ir.aspisotopes.com/corporate-governance/board-diversity-matrix,2023-10-23,issuer IR page indexed primary content,"Board Diversity Matrix for ASP Isotopes Inc. as of October 23, 2023; Total Number of Directors 6; Female 0, Male 6.","Primary IR page found via web search with matrix content. Browser/static HTML check on current page did not expose matrix content, suggesting client-side/stale rendering inconsistency; evidence kept at confidence 0.85. Due 2023-11-10, 2023-10-23 is on time."
1892500,CMND,Clearmind Medicine Inc.,2022-11-16,2023-11-16,https://clearmindmedicineinc.com;https://clearmind.com,https://clearmindmedicineinc.com;https://clearmind.com;https://clearmind.com/investors;https://clearmind.com/investor-relations;https://clearmind.com/governance;https://clearmind.com/corporate-governance;https://clearmindmedicine.com;https://clearmindmedicine.com/investors;https://clearmindmedicine.com/investor-relations;https://clearmindmedicine.com/governance,0,found_late_sec_search_browser_confirmed,https://www.sec.gov/Archives/edgar/data/1892500/000121390024007413/f20f2023_clearmind.htm,2024-01-29,SEC 20-F,"Board Diversity Matrix as of January 29, 2024; Canada FPI; Total Number of Directors 4; Female 0, Male 4; underrepresented individual 0; LGBTQ+ 0.","Confirmed in 2024 20-F for fiscal 2023. 2023 20-F checked without matrix; due 2023-11-16, 2024-01-29 is late."
1884072,,Adamas One Corp.,2022-12-09,2023-12-09,https://adamasone.com,https://adamasone.com;https://adamasone.com/investors;https://adamasone.com/investor-relations;https://adamasone.com/governance;https://adamasone.com/corporate-governance,0,searched_no_substantive_matrix,,,,,Searched web and issuer/IR domains; checked 2023 and 2024 Adamas One 10-K filings. Current issuer domain presents Cloudflare suspected-phishing warning/redirect behavior and investor subdomain does not resolve. No substantive Board Diversity Matrix located.
1519449,SKWD,"Skyward Specialty Insurance Group, Inc.",2023-01-13,2024-01-13,https://investors.skywardinsurance.com;https://skywardinsurance.com,https://investors.skywardinsurance.com;https://skywardinsurance.com;https://investors.skywardinsurance.com/investors;https://investors.skywardinsurance.com/investor-relations;https://investors.skywardinsurance.com/governance;https://investors.skywardinsurance.com/corporate-governance;https://astproxyportal.com;https://astproxyportal.com/investors;https://astproxyportal.com/investor-relations;https://astproxyportal.com/governance,0,found_late_sec_search_browser_confirmed,https://www.sec.gov/Archives/edgar/data/1519449/000151944924000015/skywardspecialtyinsuranceg.htm,2024-04-01,SEC DEF 14A,"Board Diversity Matrix; Total Number of Directors 8; Female 3, Male 5; African American or Black Female 1; White Female 2, White Male 4; Did Not Disclose Demographic Background 1.","Confirmed in 2024 DEF 14A. 2023 proxy and 2024 10-K checked without matrix; due 2024-01-13, 2024-04-01 filing is late."
1902794,,MGO Global Inc.,2023-01-13,2024-01-13,https://mgol.com;https://mgoglobalinc.com,https://mgol.com;https://mgoglobalinc.com;https://datatracks.com;https://datatracks.com/investors;https://datatracks.com/investor-relations;https://datatracks.com/governance;https://datatracks.com/corporate-governance;https://fbref.com;https://fbref.com/investors;https://fbref.com/investor-relations,1,found_late_sec_search_browser_confirmed,https://www.sec.gov/Archives/edgar/data/1902794/000149315224012329/form10-k.htm,2024-04-01,SEC 10-K,"Board Diversity Matrix as of December 31, 2023; Total Number of Directors 7; Female 2, Male 5; African American/Black Male 1; Asian Female 1; Hispanic/Latinx Male 1; White Female 1, Male 3.","Confirmed in 2024 10-K. 2023 10-K checked without matrix; issuer pages checked. Due 2024-01-13, 2024-04-01 is late."
1939965,SLMT,Brera Holdings PLC,2023-01-27,2024-01-27,https://investors.breraholdings.com;https://brera.com,https://investors.breraholdings.com;https://brera.com;https://investors.breraholdings.com/governance;https://investors.breraholdings.com/governance/investors;https://investors.breraholdings.com/governance/investor-relations;https://investors.breraholdings.com/governance/governance;https://investors.breraholdings.com/governance/corporate-governance;https://investors.breraholdings.com/investors;https://investors.breraholdings.com/investor-relations;https://investors.breraholdings.com/corporate-governance,0,searched_no_substantive_matrix,,,,,"Searched web and issuer/investor domains; checked Brera 2023, 2024, and 2025 20-F filings. No substantive Board Diversity Matrix located; search hit was third-party OutQUORUM aggregate only."
1888886,GPCR,Structure Therapeutics Inc.,2023-02-03,2024-02-03,https://structuretx.com,https://structuretx.com;https://structuretx.com/investors;https://structuretx.com/investor-relations;https://structuretx.com/governance;https://structuretx.com/corporate-governance,0,found_late_sec_search_browser_confirmed,https://www.sec.gov/Archives/edgar/data/1888886/000110465924051972/tm2412014-1_def14a.htm,2024-04-25,SEC DEF 14A,"Board Diversity Matrix as of April 19, 2024; Total Number of Directors 7; Female 2, Male 5; African American or Black Male 1; White Female 2, White Male 4.","Confirmed in 2024 DEF 14A. 2023 and 2024 10-Ks checked without matrix; due 2024-02-03, 2024-04-25 is late."
1920406,ASST,"Strive, Inc.",2023-02-03,2024-02-03,https://assetentitiesinc.com;https://assetentities.com,https://assetentitiesinc.com;https://assetentities.com;https://assetentities.com/investors;https://assetentities.com/investor-relations;https://assetentities.com/governance;https://assetentities.com/corporate-governance;https://assetentitiesinc.com/investors;https://assetentitiesinc.com/investor-relations;https://assetentitiesinc.com/governance;https://assetentitiesinc.com/corporate-governance,2,found_late_sec_search_browser_confirmed,https://www.sec.gov/Archives/edgar/data/1920406/000121390024071597/ea0211815-def14a_asset.htm,2024-08-22,SEC DEF 14A,"Board Diversity Matrix as of August 2, 2024; Total Number of Directors 7; Female 0, Male 7; White Male 7; all other categories 0.","Confirmed in 2024 DEF 14A. 2023/2024 10-Ks checked without matrix; issuer site checked. Due 2024-02-03, 2024-08-22 is late."
1865127,,"Lucy Scientific Discovery, Inc.",2023-02-09,2024-02-09,https://ir.lucyscientific.com;https://lucyscientific.com,https://ir.lucyscientific.com;https://lucyscientific.com;https://ir.lucyscientific.com/corporate-governance/governance-overview;https://ir.lucyscientific.com/corporate-governance/governance-overview/investors;https://ir.lucyscientific.com/corporate-governance/governance-overview/investor-relations;https://ir.lucyscientific.com/corporate-governance/governance-overview/governance;https://ir.lucyscientific.com/corporate-governance/governance-overview/corporate-governance;https://ir.lucyscientific.com/investors;https://ir.lucyscientific.com/investor-relations;https://ir.lucyscientific.com/governance,2,searched_no_substantive_matrix,,,No substantive matrix located,"No Board Diversity Matrix / Total Number of Directors / Nasdaq Rule 5606 terms found in 2023 10-K, 2024-02-13 10-Q, adjacent Feb-Mar 2024 8-Ks, or Wayback captures of issuer IR/governance pages around due date.","Checked SEC inventory around 2024-02-09 due date: 2023-10-13 10-K, 2024-02-13 10-Q, 2024-02-23 8-K, 2024-02-27 8-K, 2024-03-12 8-K; no matrix terms. Live IR domain is repurposed/unrelated. Wayback captures of ir.lucyscientific.com homepage and governance/committee pages in Jan-Apr 2024 showed governance links but no matrix."
1933414,MLYS,"Mineralys Therapeutics, Inc.",2023-02-10,2024-02-10,https://mineralystx.com,https://mineralystx.com;https://mineralystx.com/investors;https://mineralystx.com/investor-relations;https://mineralystx.com/governance;https://mineralystx.com/corporate-governance,0,found_late_sec_search_browser_confirmed,https://www.sec.gov/Archives/edgar/data/1933414/000193341424000009/mlys-proxystatementx202404.htm,2024-04-09,SEC DEF 14A,"Board Diversity Matrix as of March 15, 2024; Total Number of Directors 8; Directors Female 1, Male 7; Asian Female 1; White Female 1, Male 6.","SEC search/browser confirmed matrix in 2024 DEF 14A filed 2024-04-09. Due 2024-02-10, beyond due+30, so late. 2024 10-K checked separately without matrix; 2025 DEF 14A later also has matrix."
1829247,BFRG,"BullFrog AI Holdings, Inc.",2023-02-14,2024-02-14,https://ir.bullfrogai.com;https://bullfrogai.com,https://ir.bullfrogai.com;https://bullfrogai.com;https://ir.bullfrogai.com/corporate-governance/governance-documents;https://ir.bullfrogai.com/corporate-governance/governance-documents/investors;https://ir.bullfrogai.com/corporate-governance/governance-documents/investor-relations;https://ir.bullfrogai.com/corporate-governance/governance-documents/governance;https://ir.bullfrogai.com/corporate-governance/governance-documents/corporate-governance;https://ir.bullfrogai.com/investors;https://ir.bullfrogai.com/investor-relations;https://ir.bullfrogai.com/governance,2,found_late_sec_search_browser_confirmed,https://www.sec.gov/Archives/edgar/data/1829247/000149315224011964/form10-k.htm,2024-03-29,SEC 10-K,"Board Diversity Matrix; Total Number of Directors 4; Directors Female 0, Male 4, Non-Binary 0, Did Not Disclose Gender 0.","SEC search/browser confirmed matrix in 2024 10-K filed 2024-03-29. Due 2024-02-14, beyond due+30, so late. 2023 10-K had no matrix; 2024 DEF 14A contains a later matrix."
1895618,GXAI,GAXOS.AI INC.,2023-02-15,2024-02-15,https://nftgamingcompanyinc.com;https://gaxos.ai,https://nftgamingcompanyinc.com;https://gaxos.ai;https://compsciresources.com;https://compsciresources.com/investors;https://compsciresources.com/investor-relations;https://compsciresources.com/governance;https://compsciresources.com/corporate-governance;https://gaxos.ai/investors;https://gaxos.ai/investor-relations;https://gaxos.ai/governance,0,found_late_sec_search_browser_confirmed,https://www.sec.gov/Archives/edgar/data/1895618/000121390024026681/ea0202356-10k_gaxosai.htm,2024-03-27,SEC 10-K,"Board Diversity Matrix as of March 27, 2024; Total Number of Directors 4; Directors Male 4; White Male 4.","SEC search/browser confirmed matrix in 2024 10-K filed 2024-03-27. Due 2024-02-15, beyond due+30, so late. January 2024 proxy checked without matrix; November 2024 proxy contains a later clearer matrix."
1611282,,"PishPosh, Inc.",2023-03-07,2024-03-07,https://pishposhbaby.com;https://datatracks.com,https://pishposhbaby.com;https://datatracks.com;https://datatracks.com/investors;https://datatracks.com/investor-relations;https://datatracks.com/governance;https://datatracks.com/corporate-governance;https://pishposhbaby.com/investors;https://pishposhbaby.com/investor-relations;https://pishposhbaby.com/governance;https://pishposhbaby.com/corporate-governance,6,searched_no_substantive_matrix,,,No substantive matrix located,No Board Diversity Matrix / Diversity Matrix / Nasdaq Rule 5606 / Total Number of Directors terms found in SEC 2023-2025 annual/quarterly/registration filings or issuer/Wayback homepage checks.,Checked SEC filings including 2023 and 2024 10-Ks and 2024 10-Qs/S-1 amendments; no matrix. Current and Wayback pishposhbaby.com pages show retail/investor-relations footer but no substantive matrix.
1938046,MGRX,"MANGOCEUTICALS, INC.",2023-03-21,2024-03-21,https://mangoceuticals.com;https://mangorx.com,https://mangoceuticals.com;https://mangorx.com;https://cleartrustonline.com;https://cleartrustonline.com/investors;https://cleartrustonline.com/investor-relations;https://cleartrustonline.com/governance;https://cleartrustonline.com/corporate-governance;https://mangoceuticals.com/investors;https://mangoceuticals.com/investor-relations;https://mangoceuticals.com/governance,4,found_late_sec_search_browser_confirmed,https://www.sec.gov/Archives/edgar/data/1938046/000149315224020141/formdef14a.htm,2024-05-16,SEC DEF 14A,"Board Diversity Matrix as of May 16, 2024; Total Number of Directors 4; Directors Female 1, Male 3; Asian Male 1; Hispanic or Latinx Male 1; White Female 1, Male 1.","SEC search/browser confirmed matrix in 2024 DEF 14A filed 2024-05-16. Due 2024-03-21, beyond due+30, so late."
1875496,,"YanGuFang International Group Co., Ltd",2023-03-28,2024-03-28,,,0,searched_no_substantive_matrix,,,No substantive matrix located,No Board Diversity Matrix / Diversity Matrix / Nasdaq Rule 5606 terms found in SEC 2023-2024 6-K/20-F-related filings or issuer/Wayback homepage check.,"Checked SEC inventory: 2024 25-NSE delisting notice, Jan 2024 6-Ks, 2023 6-Ks, F-1/prospectus history; no matrix. Wayback January 2024 yangufang.com capture is a JavaScript shell without substantive matrix text. Web search did not locate primary matrix evidence."
1948455,ISPR,Ispire Technology Inc.,2023-04-04,2024-04-04,https://getispire.com;https://ispiretechnology.com,https://getispire.com;https://ispiretechnology.com;https://compsciresources.com;https://compsciresources.com/investors;https://compsciresources.com/investor-relations;https://compsciresources.com/governance;https://compsciresources.com/corporate-governance;https://getispire.com/investors;https://getispire.com/investor-relations;https://getispire.com/governance,4,found_late_sec_search_browser_confirmed,https://www.sec.gov/Archives/edgar/data/1948455/000121390024040264/ea0205362-01.htm,2024-05-07,SEC DEF 14A,"Board Diversity Matrix; Directors (5 total): Male 4, Female 1; Asian Male 1, Female 1; White Male 3.","SEC search/browser confirmed matrix in 2024 DEF 14A filed 2024-05-07. Due 2024-04-04, beyond due+30, so late. Later 2024 10-K and 2025 filings checked without earlier matrix."
1930179,ARBB,ARB IOT Group Ltd,2023-04-05,2024-04-05,https://arbiotgroup.com,https://arbiotgroup.com;https://arbiotgroup.com/investors;https://arbiotgroup.com/investor-relations;https://arbiotgroup.com/governance;https://arbiotgroup.com/corporate-governance;https://compsciresources.com;https://compsciresources.com/investors;https://compsciresources.com/investor-relations;https://compsciresources.com/governance;https://compsciresources.com/corporate-governance,0,found_late_issuer_site_browser_confirmed,https://www.arbiotgroup.com/board-diversity-matrix,2024-05-16,Issuer website board diversity matrix,"Board Diversity Matrix as of May 16, 2024; Foreign Private Issuer Yes; Total Number of Directors 5; Directors Female 2, Male 3; Underrepresented Individual 0; LGBTQ+ 0.","Issuer website/current page and web search confirmed board diversity matrix; Wayback has capture on 2024-05-19. SEC 2023-2025 20-F/6-K scan did not find matrix. Due 2024-04-05, beyond due+30, so late."
1899658,WLGSF,"WANG & LEE GROUP, Inc.",2023-04-20,2024-04-20,https://wangnlee.com.hk;https://emsd.gov.hk,https://wangnlee.com.hk;https://emsd.gov.hk;https://aogb.com;https://aogb.com/investors;https://aogb.com/investor-relations;https://aogb.com/governance;https://aogb.com/corporate-governance;https://censtatd.gov.hk;https://censtatd.gov.hk/investors;https://censtatd.gov.hk/investor-relations,0,found_on_time_issuer_pdf_browser_confirmed,https://www.wangnleegroup.com/_files/ugd/cda0ed_69638031a5b741be9767a91aa6b7b3f3.pdf,2024-01-19,Issuer website PDF board diversity matrix,"Board Diversity Matrix for WANG & LEE GROUP, Inc. as of 1/19/2024; Total Number of Directors 5; Directors Female 1, Male 4; Asian 3; White 1; Did Not Disclose Demographic Background 1.","Issuer corporate governance page links 2024 Board Diversity Matrix PDF. PDF text extracted locally. SEC 2024/2025 20-F only had generic director-count language, not matrix. Due 2024-04-20, matrix date 2024-01-19 is on time."
1951067,CISS,C3is Inc.,2023-06-12,2024-06-12,https://c3is.pro,https://c3is.pro;https://c3is.pro/investors;https://c3is.pro/investor-relations;https://c3is.pro/governance;https://c3is.pro/corporate-governance,0,found_on_time_issuer_pdf_browser_confirmed,https://c3is.pro/DataRoom/C3isBoardDiversityMatrix2024.pdf,2024-06-14,Issuer website PDF board diversity matrix,"Board Diversity Matrix as of June 14, 2024; Greece; Foreign Private Issuer Yes; Total Number of Directors 4; Directors Male 4.","Issuer PDF found by web search and form fields extracted locally. Due 2024-06-12; within due+30 grace, so on time."
1962481,BOF,BranchOut Food Inc.,2023-06-16,2024-06-16,https://branchoutfood.com;https://securitize.io,https://branchoutfood.com;https://securitize.io;https://branchoutfood.com/investors;https://branchoutfood.com/investor-relations;https://branchoutfood.com/governance;https://branchoutfood.com/corporate-governance;https://securitize.io/investors;https://securitize.io/investor-relations;https://securitize.io/governance;https://securitize.io/corporate-governance,1,searched_no_substantive_matrix,,,No substantive matrix located,"No primary Board Diversity Matrix located in SEC sweep, issuer/web search, or search results; secondary Out Leadership row reports no disclosed dimensions.",SEC sweep scanned 53 relevant filings with no strong matrix terms. Web search did not locate primary BranchOut Food matrix evidence.
1891856,GENK,"GEN Restaurant Group, Inc.",2023-06-28,2024-06-28,https://genkoreanbbq.com,https://genkoreanbbq.com;https://investorelections.com;https://investorelections.com/investors;https://investorelections.com/investor-relations;https://investorelections.com/governance;https://investorelections.com/corporate-governance;https://genkoreanbbq.com/investors;https://genkoreanbbq.com/investor-relations;https://genkoreanbbq.com/governance;https://genkoreanbbq.com/corporate-governance,0,candidate_file_unretrieved,https://investor.genkoreanbbq.com/static-files/b9bf5295-ea6a-4ff4-84e7-5cc703509eb8,,"Issuer static Board Diversity Matrix file link, not extracted","Issuer governance page includes a Board Diversity Matrix link to a static file, but direct shell download hung and browser PDF screenshot timed out; matrix values were not extracted.",SEC sweep had no matrix. Browser confirmed issuer governance page and Board Diversity Matrix static-file link. Left as candidate_file_unretrieved pending a retrievable copy or manual browser/PDF extraction.
1823584,AENT,ALLIANCE ENTERTAINMENT HOLDING CORP,2023-06-30,2024-06-30,https://ncircleentertainment.com;https://aent.com,https://ncircleentertainment.com;https://aent.com;https://aent.com/investors;https://aent.com/investor-relations;https://aent.com/governance;https://aent.com/corporate-governance;https://ampeddistribution.com;https://ampeddistribution.com/investors;https://ampeddistribution.com/investor-relations;https://ampeddistribution.com/governance,2,found_late_sec_search_browser_confirmed,https://www.sec.gov/Archives/edgar/data/1823584/000149315224041476/formdef14a.htm,2024-10-18,SEC DEF 14A,"Board Diversity Matrix as of September 23, 2024; Total Number of Directors 6; Directors Female 1, Male 5; White Female 1, Male 5.","SEC sweep confirmed matrix in 2024 DEF 14A filed 2024-10-18. Due 2024-06-30, beyond due+30, so late."
1765850,AURE,Aurelion Inc.,2023-07-06,2024-07-06,https://prestigewm.hk.com;https://marcumasia.cn,https://prestigewm.hk.com;https://marcumasia.cn;https://compsciresources.com;https://compsciresources.com/investors;https://compsciresources.com/investor-relations;https://compsciresources.com/governance;https://compsciresources.com/corporate-governance;https://marcumasia.cn/investors;https://marcumasia.cn/investor-relations;https://marcumasia.cn/governance,0,found_on_time_issuer_pdf_browser_confirmed,https://ir.aurelion.com/download/PWM+-+board+diversity+matrix+disclosure.pdf,2024-07-09,Issuer website PDF board diversity matrix,"Board Diversity Matrix as of July 9, 2024; Hong Kong; Foreign Private Issuer Yes; Total Number of Directors 5; Directors Female 0, Male 5.","Issuer page linked old Prestige Wealth host; equivalent PDF retrieved from current ir.aurelion.com host and extracted. Due 2024-07-06; within due+30 grace, so on time."
1737523,BGLC,BioNexus Gene Lab Corp,2023-07-21,2024-07-21,https://bionexusgenelab.com;https://bglc.com,https://bionexusgenelab.com;https://bglc.com;https://bglc.com/investors;https://bglc.com/investor-relations;https://bglc.com/governance;https://bglc.com/corporate-governance;https://bion.com;https://bion.com/investors;https://bion.com/investor-relations;https://bion.com/governance,2,found_late_sec_search_browser_confirmed,https://www.sec.gov/Archives/edgar/data/1737523/000147793224005760/bglc_def14a.htm,2024-09-16,SEC DEF 14A,"Board Diversity Matrix as of September 4, 2024; Total Number of Directors 5; Directors Female 0, Male 5; Asian (other than South Asian) Male 5.","SEC sweep confirmed matrix in 2024 DEF 14A filed 2024-09-16. Due 2024-07-21, beyond due+30, so late. Later 2025 proxy also contains matrix but not earliest located."
1805526,DFDV,DeFi Development Corp.,2023-07-25,2024-07-25,https://ir.janover.co;https://datatracks.com,https://ir.janover.co;https://datatracks.com;https://ir.janover.co/investors;https://ir.janover.co/investor-relations;https://ir.janover.co/governance;https://ir.janover.co/corporate-governance;https://cmbs.loans;https://cmbs.loans/investors;https://cmbs.loans/investor-relations;https://cmbs.loans/governance,8,found_late_sec_search_browser_confirmed,https://www.sec.gov/Archives/edgar/data/1805526/000157587224001119/cm498_def14a.htm,2024-11-04,SEC DEF 14A,"Board Diversity Matrix as of October 31, 2024; Total Number of Directors 5; Directors Male 5; Hispanic or Latinx Male 2; White Male 3.","SEC sweep confirmed matrix in 2024 DEF 14A filed 2024-11-04. Due 2024-07-25, beyond due+30, so late."
1911545,GITS,"Global Interactive Technologies, Inc.",2023-08-01,2024-08-01,https://hanryuholdings.com;https://edgarsuite.com,https://hanryuholdings.com;https://edgarsuite.com;https://compsciresources.com;https://compsciresources.com/investors;https://compsciresources.com/investor-relations;https://compsciresources.com/governance;https://compsciresources.com/corporate-governance;https://edgarsuite.com/investors;https://edgarsuite.com/investor-relations;https://edgarsuite.com/governance,2,found_late_sec_search_browser_confirmed,https://www.sec.gov/Archives/edgar/data/1911545/000121390024104199/ea0223068-01.htm,2024-12-02,SEC DEF 14A,"Board Diversity Matrix as of November 7, 2024; Total Number of Directors 4; Directors Male 4; White Male 3; Asian Male 1.","SEC sweep confirmed matrix in 2024 DEF 14A filed 2024-12-02. Due 2024-08-01, beyond due+30, so late."
1904286,MIRA,"MIRA PHARMACEUTICALS, INC.",2023-08-03,2024-08-03,https://mirapharmaceuticals.com;https://web.lumiconnect.com,https://mirapharmaceuticals.com;https://web.lumiconnect.com;https://mirapharmaceuticals.com/investors/sec-filings;https://mirapharmaceuticals.com/investors/sec-filings/investors;https://mirapharmaceuticals.com/investors/sec-filings/investor-relations;https://mirapharmaceuticals.com/investors/sec-filings/governance;https://mirapharmaceuticals.com/investors/sec-filings/corporate-governance;https://mirapharmaceuticals.com/investors;https://mirapharmaceuticals.com/investor-relations;https://mirapharmaceuticals.com/governance,0,searched_no_substantive_matrix,,,No substantive matrix located,No primary Board Diversity Matrix located in SEC sweep or web search; secondary Out Leadership row reports no disclosed dimensions.,SEC sweep scanned 82 relevant filings with no strong matrix terms. Web search did not locate primary MIRA Pharmaceuticals matrix evidence.
1928581,GMEX,GMEX Robotics Corp,2023-08-08,2024-08-08,https://fitellcorp.com,https://fitellcorp.com;https://fitellcorp.com/investors;https://fitellcorp.com/investor-relations;https://fitellcorp.com/governance;https://fitellcorp.com/corporate-governance,0,found_late_sec_search_browser_confirmed,https://www.sec.gov/Archives/edgar/data/1928581/000149315224046303/form20-f.htm,2024-11-15,SEC 20-F,"Board Diversity Matrix in annual report; Foreign Private Issuer Yes; Total Number of Directors 5; Directors Female 2, Male 3; Underrepresented Individual in Home Country Jurisdiction 3.","SEC sweep confirmed matrix in 2024 20-F filed 2024-11-15. Due 2024-08-08, beyond due+30, so late."
1843165,YHC,LQR House Inc.,2023-08-10,2024-08-10,https://lqrhouseinc.com;https://lqrhouse.com,https://lqrhouseinc.com;https://lqrhouse.com;https://compsciresources.com;https://compsciresources.com/investors;https://compsciresources.com/investor-relations;https://compsciresources.com/governance;https://compsciresources.com/corporate-governance;https://cwspirits.com;https://cwspirits.com/investors;https://cwspirits.com/investor-relations,0,found_on_time_issuer_site_browser_confirmed,https://invest.lqrhouse.com/board-diversity-matrix/,2024-08-10,Issuer website board diversity matrix,"Board Diversity Matrix as of August 10, 2024; Total Number of Directors 6; Directors Female 1, Male 5; White Female 1, Male 5.",Issuer website matrix page found by web search and fetched directly. Due 2024-08-10; on time.
1935418,FMST,Foremost Clean Energy Ltd.,2023-08-23,2024-08-23,https://foremostlithium.com;https://mrctemiscamingue.org,https://foremostlithium.com;https://mrctemiscamingue.org;https://foremostlithium.com/investors;https://foremostlithium.com/investor-relations;https://foremostlithium.com/governance;https://foremostlithium.com/corporate-governance;https://mrctemiscamingue.org/investors;https://mrctemiscamingue.org/investor-relations;https://mrctemiscamingue.org/governance;https://mrctemiscamingue.org/corporate-governance,0,candidate_file_unretrieved,https://www.foremostcleanenergy.com/images/pdf/Governance_Documents/2023/Foremost_Lithium_-_Initial_Board_Diversity_Matrix_Dec._21_2023.pdf,2023-12-21,Primary PDF candidate blocked by site,"Search result exposed primary Foremost Clean Energy PDF titled Initial Board Diversity Matrix dated Dec. 21, 2023, but direct fetch returned a 403/HTML block rather than the PDF.","SEC sweep had no matrix. Web search found primary PDF candidate with matrix snippet, but the site blocked direct retrieval even with browser-like headers. Marked candidate_file_unretrieved rather than adding unverified extracted counts."
1948697,SPPL,SIMPPLE LTD.,2023-09-13,2024-09-13,https://simpple.ai;https://simpple.com.sg,https://simpple.ai;https://simpple.com.sg;https://businesstimes.com.sg;https://businesstimes.com.sg/investors;https://businesstimes.com.sg/investor-relations;https://businesstimes.com.sg/governance;https://businesstimes.com.sg/corporate-governance;https://cbre.com.sg;https://cbre.com.sg/investors;https://cbre.com.sg/investor-relations,6,found_late_issuer_site_browser_confirmed,https://investor.simpple.ai/governance/board-diversity-matrix,2026-06-22,Issuer website board diversity matrix,"Current issuer page captured 2026-06-22 displays Board Diversity Matrix; Directors 5; demographic background Asian 4, White 1; page has no visible publication/as-of date or explicit total-number label in extracted text.","SEC sweep found no matrix; current issuer governance page found in Browser. Because no as-of/publication date is visible, recorded conservatively with capture date, which classifies late."
1825367,,"RayzeBio, Inc.",2023-09-15,2024-09-15,https://rayzebio.com;https://bms.com,https://rayzebio.com;https://bms.com;https://bms.com/investors;https://bms.com/investors/investors;https://bms.com/investors/investor-relations;https://bms.com/investors/governance;https://bms.com/investors/corporate-governance;https://bms.com/investor-relations;https://bms.com/governance;https://bms.com/corporate-governance,8,searched_no_substantive_matrix,,,No substantive matrix located,No primary Board Diversity Matrix located in SEC sweep or web search.,SEC sweep scanned 6 relevant RayzeBio filings with no strong matrix terms. Web search results were unrelated to RayzeBio primary disclosure.
1963439,TURB,"Turbo Energy, S.A.",2023-09-22,2024-09-22,https://turbo-e.com;https://fr.enerfip.eu,https://turbo-e.com;https://fr.enerfip.eu;https://compsciresources.com;https://compsciresources.com/investors;https://compsciresources.com/investor-relations;https://compsciresources.com/governance;https://compsciresources.com/corporate-governance;https://fr.enerfip.eu/investors;https://fr.enerfip.eu/investor-relations;https://fr.enerfip.eu/governance,0,searched_no_substantive_matrix,,,No substantive matrix located,No primary Board Diversity Matrix located in SEC sweep or web search.,SEC sweep scanned 53 relevant Turbo Energy filings with no strong matrix terms. Web search did not locate primary matrix evidence.
1922335,SYRA,Syra Health Corp,2023-09-29,2024-09-29,https://ir.syrahealth.com;https://syrahealth.com,https://ir.syrahealth.com;https://syrahealth.com;https://ir.syrahealth.com/governance;https://ir.syrahealth.com/governance/investors;https://ir.syrahealth.com/governance/investor-relations;https://ir.syrahealth.com/governance/governance;https://ir.syrahealth.com/governance/corporate-governance;https://ir.syrahealth.com/investors;https://ir.syrahealth.com/investor-relations;https://ir.syrahealth.com/corporate-governance,0,found_on_time_issuer_pdf_browser_confirmed,https://ir.syrahealth.com/assets/governance/Board-Diversity-Matrix.pdf,2024-10-01,Issuer website PDF board diversity matrix,"Board Diversity Matrix as of October 1, 2024; Total Number of Directors 8; Directors Female 3, Male 5; African American or Black Female 1; Asian Female 2, Male 4; White Male 1.","Issuer PDF found by web search; PDF is image-only, embedded image inspected visually. Due 2024-09-29; within due+30 grace, so on time."
1713210,ATPC,Agape ATP Corp,2023-10-11,2024-10-11,https://atpc.com.my;https://agapeatpgroup.com,https://atpc.com.my;https://agapeatpgroup.com;https://agapeatpgroup.com/investors;https://agapeatpgroup.com/investor-relations;https://agapeatpgroup.com/governance;https://agapeatpgroup.com/corporate-governance;https://atpc.com.my/investors;https://atpc.com.my/investor-relations;https://atpc.com.my/governance;https://atpc.com.my/corporate-governance,3,found_late_issuer_pdf_browser_confirmed,https://atpc.com.my/wp-content/uploads/2024/11/20241115_ATPC_Board-Diversity-Matrix-.pdf,2024-11-15,Issuer website PDF board diversity matrix,"Board Diversity Matrix as of November 15, 2024. PDF extraction reports Total Number of Directors 5 but Directors Female 2, Male 4; demographic rows include African American or Black Female 1, Asian Female 1/Male 3, White Male 1.","Issuer board page links matrix PDF. Source appears internally inconsistent on total versus gender counts; recorded as primary matrix evidence. Due 2024-10-11; beyond due+30, so late."
1907108,LXEO,"Lexeo Therapeutics, Inc.",2023-11-03,2024-11-03,https://lexeotx.com;https://lexeo.com,https://lexeotx.com;https://lexeo.com;https://clinicaltrials.gov;https://clinicaltrials.gov/investors;https://clinicaltrials.gov/investor-relations;https://clinicaltrials.gov/governance;https://clinicaltrials.gov/corporate-governance;https://lexeo.com/investors;https://lexeo.com/investor-relations;https://lexeo.com/governance,12,searched_no_substantive_matrix,,,No substantive matrix located,No primary Board Diversity Matrix located in SEC sweep or web search.,"SEC sweep scanned 53 relevant Lexeo Therapeutics filings with no strong matrix terms. Web search results mentioning Lexeo were unrelated third-party/company references, not Lexeo matrix evidence."
1963685,RR,RICHTECH ROBOTICS INC.,2023-11-17,2024-11-17,https://richtechrobotics.com;https://richtechrobot.com,https://richtechrobotics.com;https://richtechrobot.com;https://compsciresources.com;https://compsciresources.com/investors;https://compsciresources.com/investor-relations;https://compsciresources.com/governance;https://compsciresources.com/corporate-governance;https://hospitalitynet.org;https://hospitalitynet.org/investors;https://hospitalitynet.org/investor-relations,0,searched_no_substantive_matrix,,,No substantive matrix located,No primary Board Diversity Matrix located in SEC sweep or web search; secondary Out Leadership row reports no disclosed dimensions.,SEC sweep scanned 42 relevant Richtech Robotics filings with no strong matrix terms. Web search did not locate primary matrix evidence.
1840563,ELAB,PMGC Holdings Inc.,2023-11-21,2024-11-21,https://elevailabsinc.com;https://elevaiskincare.com,https://elevailabsinc.com;https://elevaiskincare.com;https://compsciresources.com;https://compsciresources.com/investors;https://compsciresources.com/investor-relations;https://compsciresources.com/governance;https://compsciresources.com/corporate-governance;https://elevailabsinc.com/investors;https://elevailabsinc.com/investor-relations;https://elevailabsinc.com/governance,1,found_on_time_issuer_pdf_browser_confirmed,https://www.pmgcholdings.com/images/PDF/Domestic_Initial_Disclosure_Y1_1.pdf,2024-12-03,Issuer website PDF board diversity matrix,"Elevai Labs Inc. Board Diversity Matrix as of December 3, 2024; Total Number of Directors 6; Directors Female 1, Male 5; White Female 1, Male 4; Two or More Races or Ethnicities Male 1.","PMGC governance page linked Board Diversity Matrix PDF; image extracted and visually inspected. Due 2024-11-21; within due+30 grace, so on time."
1961847,INHD,INNO HOLDINGS INC.,2023-12-04,2024-12-04,https://innoholdings.com;https://innometalstuds.com,https://innoholdings.com;https://innometalstuds.com;https://innoholdings.com/investors;https://innoholdings.com/investor-relations;https://innoholdings.com/governance;https://innoholdings.com/corporate-governance;https://innoholdingsinc.com;https://innoholdingsinc.com/investors;https://innoholdingsinc.com/investor-relations;https://innoholdingsinc.com/governance,4,found_late_sec_search_browser_confirmed,https://www.sec.gov/Archives/edgar/data/1961847/000149315225007186/formdef14-a.htm,2025-02-18,SEC DEF 14A,"Board Diversity Matrix as of January 31, 2025; Total Number of Directors 5; Directors Female 2, Male 3; Asian Female 2, Male 3.","SEC sweep confirmed matrix in 2025 DEF 14A filed 2025-02-18. Due 2024-12-04; beyond due+30, so late."
