target,label,model,feature,standardized_beta,odds_ratio_per_1sd,abs_beta
published_initial_clean,initial matrix released in required window,diversity_only,has_underrepresented_race_ethnicity,1.102984426970504,3.0131451301309107,1.102984426970504
published_initial_clean,initial matrix released in required window,diversity_only,nonbinary_share,0.8490176701010137,2.337349675347619,0.8490176701010137
published_initial_clean,initial matrix released in required window,diversity_only,has_any_undisclosed_signal,0.7381831413556793,2.0921309531585557,0.7381831413556793
published_initial_clean,initial matrix released in required window,diversity_only,underrepresented_race_ethnicity_share,-0.7353894221063227,0.4793187653027477,0.7353894221063227
published_initial_clean,initial matrix released in required window,diversity_only,disclosure_detail_score,0.6600800421741142,1.934947205584967,0.6600800421741142
published_initial_clean,initial matrix released in required window,diversity_only,female_share,-0.42378573380052653,0.6545641178502544,0.42378573380052653
published_initial_clean,initial matrix released in required window,diversity_only,has_any_measured_diversity_signal,0.372630334942863,1.4515476541953982,0.372630334942863
published_initial_clean,initial matrix released in required window,diversity_only,gender_undisclosed_share,0.34932557353750426,1.4181108145460608,0.34932557353750426
published_initial_clean,initial matrix released in required window,diversity_only,demographic_undisclosed_share,0.33022824081617513,1.3912856403979075,0.33022824081617513
published_initial_clean,initial matrix released in required window,diversity_only,has_lgbtq_director,0.26841055213039255,1.3078839843621863,0.26841055213039255
published_initial_clean,initial matrix released in required window,diversity_only,board_size,-0.181598468392521,0.8339361249107292,0.181598468392521
published_initial_clean,initial matrix released in required window,diversity_only,lgbtq_share,0.1686191872083912,1.1836692966769613,0.1686191872083912
published_initial_clean,initial matrix released in required window,diversity_only,has_female_director,-0.08509376360967316,0.9184261654116195,0.08509376360967316
published_initial_clean,initial matrix released in required window,diversity_only,has_nonbinary_director,0.07571757570847239,1.078657891943547,0.07571757570847239
published_initial_clean,initial matrix released in required window,diversity_plus_controls,has_underrepresented_race_ethnicity,1.4034505857369486,4.069216951506602,1.4034505857369486
published_initial_clean,initial matrix released in required window,diversity_plus_controls,initial_form_group=20-F,0.8459455703535325,2.3301801224297933,0.8459455703535325
published_initial_clean,initial matrix released in required window,diversity_plus_controls,underrepresented_race_ethnicity_share,-0.8278963597648656,0.4369675426465888,0.8278963597648656
published_initial_clean,initial matrix released in required window,diversity_plus_controls,disclosure_detail_score,0.7180847189225308,2.050502159326409,0.7180847189225308
published_initial_clean,initial matrix released in required window,diversity_plus_controls,country_group=China / Hong Kong,0.6299311962879653,1.8774813971308904,0.6299311962879653
published_initial_clean,initial matrix released in required window,diversity_plus_controls,female_share,-0.5831141854855346,0.5581574513722539,0.5831141854855346
published_initial_clean,initial matrix released in required window,diversity_plus_controls,due_year=2023,-0.5723051187873806,0.5642233367124936,0.5723051187873806
published_initial_clean,initial matrix released in required window,diversity_plus_controls,has_any_undisclosed_signal,0.5446676169880381,1.724035247103337,0.5446676169880381
published_initial_clean,initial matrix released in required window,diversity_plus_controls,sector=Energy / industrials,0.5017294299095735,1.6515750856033558,0.5017294299095735
published_initial_clean,initial matrix released in required window,diversity_plus_controls,lgbtq_share,0.40065030994076517,1.4927951615890005,0.40065030994076517
published_initial_clean,initial matrix released in required window,diversity_plus_controls,due_year=2022,0.40026398094164306,1.4922185629138955,0.40026398094164306
published_initial_clean,initial matrix released in required window,diversity_plus_controls,nonbinary_share,0.38320169478582256,1.4669738812143576,0.38320169478582256
published_initial_clean,initial matrix released in required window,diversity_plus_controls,demographic_undisclosed_share,0.36232301064895156,1.4366629244442255,0.36232301064895156
published_initial_clean,initial matrix released in required window,diversity_plus_controls,sector=Other / mixed,0.3621526285260596,1.4364181636173052,0.3621526285260596
published_initial_clean,initial matrix released in required window,diversity_plus_controls,sector=Manufacturing / industrials,0.3368481797795859,1.4005264193674019,0.3368481797795859
published_initial_clean,initial matrix released in required window,diversity_plus_controls,initial_form_group=other,-0.2871079227202778,0.750430735940257,0.2871079227202778
published_initial_clean,initial matrix released in required window,diversity_plus_controls,has_nonbinary_director,0.2743232732644599,1.3156400447523746,0.2743232732644599
published_initial_clean,initial matrix released in required window,diversity_plus_controls,has_any_measured_diversity_signal,0.2631044246161752,1.300962564375241,0.2631044246161752
published_initial_clean,initial matrix released in required window,diversity_plus_controls,sector=Consumer / retail,0.2346843684460813,1.2645095866132015,0.2346843684460813
published_initial_clean,initial matrix released in required window,diversity_plus_controls,initial_release_source_type=website_archive,0.22053582605461014,1.2467445898778982,0.22053582605461014
published_initial_clean,initial matrix released in required window,diversity_plus_controls,initial_form_group=unknown,0.22053582605461014,1.2467445898778982,0.22053582605461014
published_initial_clean,initial matrix released in required window,diversity_plus_controls,gender_undisclosed_share,0.18017854304994171,1.1974311370446213,0.18017854304994171
published_initial_clean,initial matrix released in required window,diversity_plus_controls,sector=Technology,0.17235622429155117,1.1881009882732145,0.17235622429155117
published_initial_clean,initial matrix released in required window,diversity_plus_controls,sector=Finance / real estate,-0.1577928226660842,0.8540266986158014,0.1577928226660842
published_initial_clean,initial matrix released in required window,diversity_plus_controls,country_group=Israel,0.14872838874675334,1.1603577801729754,0.14872838874675334
published_initial_clean,initial matrix released in required window,diversity_plus_controls,has_lgbtq_director,0.11590482674810713,1.1228889980500993,0.11590482674810713
published_initial_clean,initial matrix released in required window,diversity_plus_controls,initial_form_group=10-K,-0.0978302951807941,0.9068027794985741,0.0978302951807941
published_initial_clean,initial matrix released in required window,diversity_plus_controls,issuer_type=foreign_private_issuer,0.09645387390409395,1.1012587832039964,0.09645387390409395
published_initial_clean,initial matrix released in required window,diversity_plus_controls,sector=Services,0.07738503501043971,1.0804580104742125,0.07738503501043971
published_initial_clean,initial matrix released in required window,diversity_plus_controls,has_female_director,-0.05542928137806786,0.9460789267026971,0.05542928137806786
published_initial_clean,initial matrix released in required window,diversity_plus_controls,board_size,-0.05459631880636992,0.9468673033370439,0.05459631880636992
published_initial_clean,initial matrix released in required window,diversity_plus_controls,country_group=Europe,0.05150752102657392,1.0528571048286195,0.05150752102657392
continued_any,continued any post-vacatur disclosure,diversity_only,has_any_measured_diversity_signal,0.48573970759625223,1.625376867893247,0.48573970759625223
continued_any,continued any post-vacatur disclosure,diversity_only,has_female_director,-0.4585299481059344,0.6322123476786415,0.4585299481059344
continued_any,continued any post-vacatur disclosure,diversity_only,has_any_undisclosed_signal,-0.44906204915107545,0.6382264960528524,0.44906204915107545
continued_any,continued any post-vacatur disclosure,diversity_only,demographic_undisclosed_share,0.4399485495829357,1.5526273331324505,0.4399485495829357
continued_any,continued any post-vacatur disclosure,diversity_only,has_nonbinary_director,0.4350634733329353,1.5450611260182407,0.4350634733329353
continued_any,continued any post-vacatur disclosure,diversity_only,lgbtq_share,0.41327614442232846,1.5117624330627921,0.41327614442232846
continued_any,continued any post-vacatur disclosure,diversity_only,has_lgbtq_director,-0.24972797621188747,0.7790126642276518,0.24972797621188747
continued_any,continued any post-vacatur disclosure,diversity_only,disclosure_detail_score,0.2455010014498837,1.278261563705027,0.2455010014498837
continued_any,continued any post-vacatur disclosure,diversity_only,gender_undisclosed_share,0.19055768458577876,1.2099241655988124,0.19055768458577876
continued_any,continued any post-vacatur disclosure,diversity_only,underrepresented_race_ethnicity_share,0.11694324970281461,1.1240556373889632,0.11694324970281461
continued_any,continued any post-vacatur disclosure,diversity_only,female_share,-0.09310437866853206,0.9110983960953158,0.09310437866853206
continued_any,continued any post-vacatur disclosure,diversity_only,has_underrepresented_race_ethnicity,0.06325798751744552,1.0653016383074132,0.06325798751744552
continued_any,continued any post-vacatur disclosure,diversity_only,nonbinary_share,0.05970658395049059,1.0615250323645127,0.05970658395049059
continued_any,continued any post-vacatur disclosure,diversity_only,board_size,0.025343243037573782,1.0256671132069308,0.025343243037573782
continued_any,continued any post-vacatur disclosure,diversity_plus_controls,issuer_type=foreign_private_issuer,-0.7997026327384777,0.449462599709244,0.7997026327384777
continued_any,continued any post-vacatur disclosure,diversity_plus_controls,sector=Energy / industrials,0.7874107283619013,2.1976986141569106,0.7874107283619013
continued_any,continued any post-vacatur disclosure,diversity_plus_controls,has_any_measured_diversity_signal,0.5608750203341794,1.7522050447383397,0.5608750203341794
continued_any,continued any post-vacatur disclosure,diversity_plus_controls,demographic_undisclosed_share,0.5317381006720674,1.7018877917255035,0.5317381006720674
continued_any,continued any post-vacatur disclosure,diversity_plus_controls,due_year=2022,-0.4639963263826981,0.6287658643080136,0.4639963263826981
continued_any,continued any post-vacatur disclosure,diversity_plus_controls,has_female_director,-0.4477254817053134,0.6390800991324694,0.4477254817053134
continued_any,continued any post-vacatur disclosure,diversity_plus_controls,has_nonbinary_director,0.4206395263279234,1.5229352014064121,0.4206395263279234
continued_any,continued any post-vacatur disclosure,diversity_plus_controls,has_any_undisclosed_signal,-0.40896661086420283,0.6643364135706361,0.40896661086420283
continued_any,continued any post-vacatur disclosure,diversity_plus_controls,disclosure_detail_score,0.3901386301829544,1.477185562193525,0.3901386301829544
continued_any,continued any post-vacatur disclosure,diversity_plus_controls,lgbtq_share,0.38447963882110975,1.4688497901337827,0.38447963882110975
continued_any,continued any post-vacatur disclosure,diversity_plus_controls,due_year=2023,-0.24914821148914784,0.7794644392378907,0.24914821148914784
continued_any,continued any post-vacatur disclosure,diversity_plus_controls,female_share,-0.23876593551479405,0.787599209803185,0.23876593551479405
continued_any,continued any post-vacatur disclosure,diversity_plus_controls,initial_form_group=10-K,-0.22268777009302673,0.8003647080841808,0.22268777009302673
continued_any,continued any post-vacatur disclosure,diversity_plus_controls,nonbinary_share,0.21426625914734573,1.2389524933147138,0.21426625914734573
continued_any,continued any post-vacatur disclosure,diversity_plus_controls,underrepresented_race_ethnicity_share,0.19476609407063464,1.2150267512874136,0.19476609407063464
continued_any,continued any post-vacatur disclosure,diversity_plus_controls,country_group=Israel,0.18971707954697722,1.2089075246052778,0.18971707954697722
continued_any,continued any post-vacatur disclosure,diversity_plus_controls,has_underrepresented_race_ethnicity,-0.18277679293021976,0.8329540562233189,0.18277679293021976
continued_any,continued any post-vacatur disclosure,diversity_plus_controls,has_lgbtq_director,-0.1757481038926623,0.838829254550701,0.1757481038926623
continued_any,continued any post-vacatur disclosure,diversity_plus_controls,sector=Manufacturing / industrials,-0.14239178477951725,0.8672814022624404,0.14239178477951725
continued_any,continued any post-vacatur disclosure,diversity_plus_controls,country_group=Europe,-0.12712672741486494,0.8806220665675654,0.12712672741486494
continued_any,continued any post-vacatur disclosure,diversity_plus_controls,gender_undisclosed_share,0.11533790084091494,1.122252583603168,0.11533790084091494
continued_any,continued any post-vacatur disclosure,diversity_plus_controls,country_group=China / Hong Kong,-0.10388597759944954,0.9013280631517399,0.10388597759944954
continued_any,continued any post-vacatur disclosure,diversity_plus_controls,board_size,-0.06764724785149148,0.9345900941002904,0.06764724785149148
continued_any,continued any post-vacatur disclosure,diversity_plus_controls,initial_form_group=other,0.0558807206514169,1.057471541697052,0.0558807206514169
continued_any,continued any post-vacatur disclosure,diversity_plus_controls,sector=Other / mixed,-0.04079065905463043,0.9600300825183221,0.04079065905463043
continued_any,continued any post-vacatur disclosure,diversity_plus_controls,sector=Technology,0.038429895649747595,1.0391778749146245,0.038429895649747595
continued_any,continued any post-vacatur disclosure,diversity_plus_controls,sector=Finance / real estate,0.03772162640593455,1.0384421177748056,0.03772162640593455
continued_any,continued any post-vacatur disclosure,diversity_plus_controls,initial_form_group=unknown,-0.02010801487246041,0.9800928029899595,0.02010801487246041
continued_any,continued any post-vacatur disclosure,diversity_plus_controls,initial_release_source_type=website_archive,-0.020108014872459522,0.9800928029899604,0.020108014872459522
continued_any,continued any post-vacatur disclosure,diversity_plus_controls,initial_form_group=20-F,0.01590862790594737,1.016035843841911,0.01590862790594737
continued_any,continued any post-vacatur disclosure,diversity_plus_controls,sector=Consumer / retail,-0.010702045666088992,0.9893550174790856,0.010702045666088992
continued_any,continued any post-vacatur disclosure,diversity_plus_controls,sector=Services,-0.009177104271274404,0.9908648768303281,0.009177104271274404
retained_same_matrix,retained same matrix after vacatur,diversity_only,demographic_undisclosed_share,0.5651609293435031,1.7597309522829512,0.5651609293435031
retained_same_matrix,retained same matrix after vacatur,diversity_only,gender_undisclosed_share,-0.5168706321845471,0.5963839355304967,0.5168706321845471
retained_same_matrix,retained same matrix after vacatur,diversity_only,has_female_director,0.4823777770604666,1.6199216389574644,0.4823777770604666
retained_same_matrix,retained same matrix after vacatur,diversity_only,has_any_measured_diversity_signal,-0.46785216764876086,0.626346111031966,0.46785216764876086
retained_same_matrix,retained same matrix after vacatur,diversity_only,lgbtq_share,0.45735230029382545,1.5798853803005144,0.45735230029382545
retained_same_matrix,retained same matrix after vacatur,diversity_only,underrepresented_race_ethnicity_share,0.4422619427799645,1.5562233285143163,0.4422619427799645
retained_same_matrix,retained same matrix after vacatur,diversity_only,disclosure_detail_score,0.4313705341994987,1.5393658319821326,0.4313705341994987
retained_same_matrix,retained same matrix after vacatur,diversity_only,has_lgbtq_director,-0.4072198316125271,0.6654978767485593,0.4072198316125271
retained_same_matrix,retained same matrix after vacatur,diversity_only,has_underrepresented_race_ethnicity,-0.4009647204888252,0.669673686381489,0.4009647204888252
retained_same_matrix,retained same matrix after vacatur,diversity_only,has_any_undisclosed_signal,-0.356054498835278,0.7004344463335315,0.356054498835278
retained_same_matrix,retained same matrix after vacatur,diversity_only,female_share,-0.20616999682960352,0.8136947389989091,0.20616999682960352
retained_same_matrix,retained same matrix after vacatur,diversity_only,nonbinary_share,-0.14261256038090803,0.8670899488241826,0.14261256038090803
retained_same_matrix,retained same matrix after vacatur,diversity_only,has_nonbinary_director,-0.13942807550019282,0.86985558488236,0.13942807550019282
retained_same_matrix,retained same matrix after vacatur,diversity_only,board_size,0.010039832300088708,1.0100904005068176,0.010039832300088708
retained_same_matrix,retained same matrix after vacatur,diversity_plus_controls,gender_undisclosed_share,-0.6893045602773734,0.5019250063067486,0.6893045602773734
retained_same_matrix,retained same matrix after vacatur,diversity_plus_controls,has_female_director,0.6246501225942972,1.8675924147200025,0.6246501225942972
retained_same_matrix,retained same matrix after vacatur,diversity_plus_controls,sector=Energy / industrials,0.6172812562775728,1.85388095687624,0.6172812562775728
retained_same_matrix,retained same matrix after vacatur,diversity_plus_controls,initial_release_source_type=website_archive,-0.6135579294626318,0.5414211000356557,0.6135579294626318
retained_same_matrix,retained same matrix after vacatur,diversity_plus_controls,initial_form_group=unknown,-0.6135579294626314,0.5414211000356558,0.6135579294626314
retained_same_matrix,retained same matrix after vacatur,diversity_plus_controls,lgbtq_share,0.5562814494004914,1.7441746248474146,0.5562814494004914
retained_same_matrix,retained same matrix after vacatur,diversity_plus_controls,female_share,-0.508525956677275,0.6013813880107164,0.508525956677275
retained_same_matrix,retained same matrix after vacatur,diversity_plus_controls,has_lgbtq_director,-0.43127007290083363,0.6496834251916008,0.43127007290083363
retained_same_matrix,retained same matrix after vacatur,diversity_plus_controls,initial_form_group=20-F,0.42935249156939825,1.5362624585330376,0.42935249156939825
retained_same_matrix,retained same matrix after vacatur,diversity_plus_controls,demographic_undisclosed_share,0.4133174191678171,1.5118248319601963,0.4133174191678171
retained_same_matrix,retained same matrix after vacatur,diversity_plus_controls,has_any_measured_diversity_signal,-0.40981300905478335,0.663774358327078,0.40981300905478335
retained_same_matrix,retained same matrix after vacatur,diversity_plus_controls,has_any_undisclosed_signal,-0.34408233789537507,0.7088705587366408,0.34408233789537507
retained_same_matrix,retained same matrix after vacatur,diversity_plus_controls,due_year=2022,-0.33125694987135257,0.7180206500218649,0.33125694987135257
retained_same_matrix,retained same matrix after vacatur,diversity_plus_controls,underrepresented_race_ethnicity_share,0.33051377747844046,1.3916829601779068,0.33051377747844046
retained_same_matrix,retained same matrix after vacatur,diversity_plus_controls,country_group=Europe,-0.279235107795204,0.7563620556939071,0.279235107795204
retained_same_matrix,retained same matrix after vacatur,diversity_plus_controls,sector=Manufacturing / industrials,-0.2327066037657061,0.7923860224979278,0.2327066037657061
retained_same_matrix,retained same matrix after vacatur,diversity_plus_controls,disclosure_detail_score,0.19096429549392013,1.210416233995978,0.19096429549392013
retained_same_matrix,retained same matrix after vacatur,diversity_plus_controls,sector=Consumer / retail,-0.18983961462306662,0.8270917767324658,0.18983961462306662
retained_same_matrix,retained same matrix after vacatur,diversity_plus_controls,country_group=Israel,-0.1866346809012385,0.8297468033783634,0.1866346809012385
retained_same_matrix,retained same matrix after vacatur,diversity_plus_controls,initial_form_group=other,0.18205318731249398,1.1996779998316889,0.18205318731249398
retained_same_matrix,retained same matrix after vacatur,diversity_plus_controls,sector=Services,0.17201866437845725,1.1877000006893408,0.17201866437845725
retained_same_matrix,retained same matrix after vacatur,diversity_plus_controls,nonbinary_share,-0.15242520712725557,0.8586231104439318,0.15242520712725557
retained_same_matrix,retained same matrix after vacatur,diversity_plus_controls,issuer_type=foreign_private_issuer,-0.13845734538076906,0.8707003898706384,0.13845734538076906
retained_same_matrix,retained same matrix after vacatur,diversity_plus_controls,sector=Finance / real estate,-0.11582548684756211,0.8906306364962873,0.11582548684756211
retained_same_matrix,retained same matrix after vacatur,diversity_plus_controls,has_underrepresented_race_ethnicity,-0.08234603713898649,0.9209532195345073,0.08234603713898649
retained_same_matrix,retained same matrix after vacatur,diversity_plus_controls,sector=Other / mixed,-0.06318134684953824,0.9387732146867187,0.06318134684953824
retained_same_matrix,retained same matrix after vacatur,diversity_plus_controls,board_size,0.06122589747664184,1.063139047491568,0.06122589747664184
retained_same_matrix,retained same matrix after vacatur,diversity_plus_controls,country_group=China / Hong Kong,-0.06049711739948655,0.9412964823962183,0.06049711739948655
retained_same_matrix,retained same matrix after vacatur,diversity_plus_controls,has_nonbinary_director,-0.05934672682700244,0.9423799640895523,0.05934672682700244
retained_same_matrix,retained same matrix after vacatur,diversity_plus_controls,initial_form_group=10-K,0.05787639148250102,1.0595840140060904,0.05787639148250102
retained_same_matrix,retained same matrix after vacatur,diversity_plus_controls,sector=Technology,-0.022064756399605034,0.9781768897866671,0.022064756399605034
retained_same_matrix,retained same matrix after vacatur,diversity_plus_controls,due_year=2023,0.010504442539677554,1.0105598078870972,0.010504442539677554
changed_or_reduced_among_continuers,continued but changed/reduced disclosure level,diversity_only,has_underrepresented_race_ethnicity,1.064104321524627,2.8982419282582015,1.064104321524627
changed_or_reduced_among_continuers,continued but changed/reduced disclosure level,diversity_only,demographic_undisclosed_share,-0.6130066653763148,0.5417196483255942,0.6130066653763148
changed_or_reduced_among_continuers,continued but changed/reduced disclosure level,diversity_only,gender_undisclosed_share,0.5587468279956385,1.7484799806189986,0.5587468279956385
changed_or_reduced_among_continuers,continued but changed/reduced disclosure level,diversity_only,underrepresented_race_ethnicity_share,-0.4101384461314631,0.6635583766864521,0.4101384461314631
changed_or_reduced_among_continuers,continued but changed/reduced disclosure level,diversity_only,has_female_director,-0.2919776583585024,0.7467852201946452,0.2919776583585024
changed_or_reduced_among_continuers,continued but changed/reduced disclosure level,diversity_only,disclosure_detail_score,-0.27916804002601914,0.7564127849108073,0.27916804002601914
changed_or_reduced_among_continuers,continued but changed/reduced disclosure level,diversity_only,board_size,0.18828008783793942,1.2071715820816524,0.18828008783793942
changed_or_reduced_among_continuers,continued but changed/reduced disclosure level,diversity_only,has_nonbinary_director,0.1742292497267503,1.1903284170079798,0.1742292497267503
changed_or_reduced_among_continuers,continued but changed/reduced disclosure level,diversity_only,has_any_undisclosed_signal,-0.11868542605117399,0.8880871258995366,0.11868542605117399
changed_or_reduced_among_continuers,continued but changed/reduced disclosure level,diversity_only,has_any_measured_diversity_signal,-0.11843216152772248,0.8883120753469159,0.11843216152772248
changed_or_reduced_among_continuers,continued but changed/reduced disclosure level,diversity_only,nonbinary_share,-0.043082956037295214,0.957831928829971,0.043082956037295214
changed_or_reduced_among_continuers,continued but changed/reduced disclosure level,diversity_only,has_lgbtq_director,-0.04075103123498143,0.9600681271710981,0.04075103123498143
changed_or_reduced_among_continuers,continued but changed/reduced disclosure level,diversity_only,female_share,0.03475934532213747,1.0353705120585974,0.03475934532213747
changed_or_reduced_among_continuers,continued but changed/reduced disclosure level,diversity_only,lgbtq_share,-0.010176941448580792,0.98987466839488,0.010176941448580792
changed_or_reduced_among_continuers,continued but changed/reduced disclosure level,diversity_plus_controls,sector=Technology,1.123087018751306,3.0743300842745453,1.123087018751306
changed_or_reduced_among_continuers,continued but changed/reduced disclosure level,diversity_plus_controls,initial_form_group=20-F,-0.852083542043872,0.42652532205946353,0.852083542043872
changed_or_reduced_among_continuers,continued but changed/reduced disclosure level,diversity_plus_controls,issuer_type=foreign_private_issuer,-0.8272512443710136,0.4372495280817568,0.8272512443710136
changed_or_reduced_among_continuers,continued but changed/reduced disclosure level,diversity_plus_controls,initial_form_group=10-K,-0.7630599819296664,0.46623756345740147,0.7630599819296664
changed_or_reduced_among_continuers,continued but changed/reduced disclosure level,diversity_plus_controls,sector=Consumer / retail,0.7169191703213096,2.048113591669057,0.7169191703213096
changed_or_reduced_among_continuers,continued but changed/reduced disclosure level,diversity_plus_controls,sector=Manufacturing / industrials,0.6962937636695785,2.006303077597464,0.6962937636695785
changed_or_reduced_among_continuers,continued but changed/reduced disclosure level,diversity_plus_controls,has_underrepresented_race_ethnicity,0.6385459939756999,1.8937253884171037,0.6385459939756999
changed_or_reduced_among_continuers,continued but changed/reduced disclosure level,diversity_plus_controls,sector=Finance / real estate,0.4346970842952885,1.544495136251728,0.4346970842952885
changed_or_reduced_among_continuers,continued but changed/reduced disclosure level,diversity_plus_controls,demographic_undisclosed_share,-0.42329086279154365,0.6548881228194197,0.42329086279154365
changed_or_reduced_among_continuers,continued but changed/reduced disclosure level,diversity_plus_controls,due_year=2022,0.29982099929737843,1.3496172035252996,0.29982099929737843
changed_or_reduced_among_continuers,continued but changed/reduced disclosure level,diversity_plus_controls,has_any_undisclosed_signal,0.26956623219593445,1.30939635355009,0.26956623219593445
changed_or_reduced_among_continuers,continued but changed/reduced disclosure level,diversity_plus_controls,female_share,-0.25184972720056414,0.7773615455878592,0.25184972720056414
changed_or_reduced_among_continuers,continued but changed/reduced disclosure level,diversity_plus_controls,gender_undisclosed_share,0.24393459754384816,1.276260857165055,0.24393459754384816
changed_or_reduced_among_continuers,continued but changed/reduced disclosure level,diversity_plus_controls,has_female_director,-0.23224920866751955,0.792748538880778,0.23224920866751955
changed_or_reduced_among_continuers,continued but changed/reduced disclosure level,diversity_plus_controls,disclosure_detail_score,0.19608463552423946,1.2166298710839192,0.19608463552423946
changed_or_reduced_among_continuers,continued but changed/reduced disclosure level,diversity_plus_controls,initial_release_source_type=website_archive,0.17187061359652672,1.1875241737915159,0.17187061359652672
changed_or_reduced_among_continuers,continued but changed/reduced disclosure level,diversity_plus_controls,initial_form_group=unknown,0.17187061359652672,1.1875241737915159,0.17187061359652672
changed_or_reduced_among_continuers,continued but changed/reduced disclosure level,diversity_plus_controls,sector=Services,0.14544366603485137,1.1565525795542766,0.14544366603485137
changed_or_reduced_among_continuers,continued but changed/reduced disclosure level,diversity_plus_controls,has_any_measured_diversity_signal,-0.1329744016710334,0.8754875028390351,0.1329744016710334
changed_or_reduced_among_continuers,continued but changed/reduced disclosure level,diversity_plus_controls,country_group=China / Hong Kong,-0.1261524306868552,0.8814804718684696,0.1261524306868552
changed_or_reduced_among_continuers,continued but changed/reduced disclosure level,diversity_plus_controls,due_year=2023,0.11718565691459588,1.124328149610039,0.11718565691459588
changed_or_reduced_among_continuers,continued but changed/reduced disclosure level,diversity_plus_controls,underrepresented_race_ethnicity_share,-0.10714689937284512,0.8983936898268173,0.10714689937284512
changed_or_reduced_among_continuers,continued but changed/reduced disclosure level,diversity_plus_controls,lgbtq_share,-0.08625006133777285,0.9173648050656605,0.08625006133777285
changed_or_reduced_among_continuers,continued but changed/reduced disclosure level,diversity_plus_controls,has_nonbinary_director,0.053751863753189376,1.0552227306585837,0.053751863753189376
changed_or_reduced_among_continuers,continued but changed/reduced disclosure level,diversity_plus_controls,nonbinary_share,-0.04700742738269789,0.9540803112444586,0.04700742738269789
changed_or_reduced_among_continuers,continued but changed/reduced disclosure level,diversity_plus_controls,board_size,0.04591426324988458,1.046984642048115,0.04591426324988458
changed_or_reduced_among_continuers,continued but changed/reduced disclosure level,diversity_plus_controls,initial_form_group=other,0.043986558425439526,1.0449683087746073,0.043986558425439526
changed_or_reduced_among_continuers,continued but changed/reduced disclosure level,diversity_plus_controls,has_lgbtq_director,0.041917350661279516,1.042808287773602,0.041917350661279516
changed_or_reduced_among_continuers,continued but changed/reduced disclosure level,diversity_plus_controls,sector=Other / mixed,-0.03427775516064358,0.9663030716950058,0.03427775516064358
changed_or_reduced_among_continuers,continued but changed/reduced disclosure level,diversity_plus_controls,sector=Energy / industrials,0.015135012062386233,1.0152501263764153,0.015135012062386233
changed_or_reduced_among_continuers,continued but changed/reduced disclosure level,diversity_plus_controls,country_group=Israel,0.011936437974795622,1.0120079615461532,0.011936437974795622
changed_or_reduced_among_continuers,continued but changed/reduced disclosure level,diversity_plus_controls,country_group=Europe,0.0013146966490650833,1.0013155612415554,0.0013146966490650833
